fips,region,time,firms,establishments,net_change,total_job_gains,expanding_job_gains,opening_job_gains,total_job_losses,contracting_job_losses,closing_job_losses
01,Alabama,1994,6145.0,6219.0,30840.0,30840.0,0.0,30840.0,0.0,0.0,0.0
01,Alabama,1995,6248.0,6279.0,31897.0,31897.0,0.0,31897.0,0.0,0.0,0.0
01,Alabama,1996,5219.0,5231.0,26555.0,26555.0,0.0,26555.0,0.0,0.0,0.0
01,Alabama,1997,5804.0,5818.0,28423.0,28423.0,0.0,28423.0,0.0,0.0,0.0
01,Alabama,1998,5440.0,5445.0,26227.0,26227.0,0.0,26227.0,0.0,0.0,0.0
01,Alabama,1999,6150.0,6155.0,28977.0,28977.0,0.0,28977.0,0.0,0.0,0.0
01,Alabama,2000,4714.0,4717.0,22184.0,22184.0,0.0,22184.0,0.0,0.0,0.0
01,Alabama,2001,4633.0,4635.0,24114.0,24114.0,0.0,24114.0,0.0,0.0,0.0
01,Alabama,2002,4516.0,4543.0,22851.0,22851.0,0.0,22851.0,0.0,0.0,0.0
01,Alabama,2003,4699.0,4714.0,22743.0,22743.0,0.0,22743.0,0.0,0.0,0.0
01,Alabama,2004,4813.0,4820.0,25481.0,25481.0,0.0,25481.0,0.0,0.0,0.0
01,Alabama,2005,5106.0,5118.0,24938.0,24938.0,0.0,24938.0,0.0,0.0,0.0
01,Alabama,2006,5242.0,5290.0,25041.0,25041.0,0.0,25041.0,0.0,0.0,0.0
01,Alabama,2007,5379.0,5404.0,27039.0,27039.0,0.0,27039.0,0.0,0.0,0.0
01,Alabama,2008,4634.0,4644.0,22494.0,22494.0,0.0,22494.0,0.0,0.0,0.0
01,Alabama,2009,3795.0,3816.0,17944.0,17944.0,0.0,17944.0,0.0,0.0,0.0
01,Alabama,2010,3498.0,3509.0,17084.0,17084.0,0.0,17084.0,0.0,0.0,0.0
01,Alabama,2011,3688.0,3713.0,17838.0,17838.0,0.0,17838.0,0.0,0.0,0.0
01,Alabama,2012,3813.0,3816.0,18447.0,18447.0,0.0,18447.0,0.0,0.0,0.0
01,Alabama,2013,3742.0,3747.0,18883.0,18883.0,0.0,18883.0,0.0,0.0,0.0
01,Alabama,2014,3669.0,3687.0,18382.0,18382.0,0.0,18382.0,0.0,0.0,0.0
01,Alabama,2015,3750.0,3759.0,17874.0,17874.0,0.0,17874.0,0.0,0.0,0.0
01,Alabama,2016,3957.0,3989.0,20691.0,20691.0,0.0,20691.0,0.0,0.0,0.0
01,Alabama,2017,3985.0,4028.0,21179.0,21179.0,0.0,21179.0,0.0,0.0,0.0
01,Alabama,2018,3937.0,3958.0,20392.0,20392.0,0.0,20392.0,0.0,0.0,0.0
01,Alabama,2019,4602.0,4613.0,22876.0,22876.0,0.0,22876.0,0.0,0.0,0.0
01,Alabama,2020,4575.0,4606.0,20367.0,20367.0,0.0,20367.0,0.0,0.0,0.0
02,Alaska,1994,1022.0,1024.0,4022.0,4022.0,0.0,4022.0,0.0,0.0,0.0
02,Alaska,1995,1048.0,1050.0,4381.0,4381.0,0.0,4381.0,0.0,0.0,0.0
02,Alaska,1996,961.0,963.0,3825.0,3825.0,0.0,3825.0,0.0,0.0,0.0
02,Alaska,1997,965.0,965.0,4259.0,4259.0,0.0,4259.0,0.0,0.0,0.0
02,Alaska,1998,987.0,987.0,3831.0,3831.0,0.0,3831.0,0.0,0.0,0.0
02,Alaska,1999,820.0,820.0,3405.0,3405.0,0.0,3405.0,0.0,0.0,0.0
02,Alaska,2000,824.0,825.0,4159.0,4159.0,0.0,4159.0,0.0,0.0,0.0
02,Alaska,2001,773.0,773.0,3705.0,3705.0,0.0,3705.0,0.0,0.0,0.0
02,Alaska,2002,959.0,960.0,3985.0,3985.0,0.0,3985.0,0.0,0.0,0.0
02,Alaska,2003,832.0,832.0,3529.0,3529.0,0.0,3529.0,0.0,0.0,0.0
02,Alaska,2004,877.0,880.0,3557.0,3557.0,0.0,3557.0,0.0,0.0,0.0
02,Alaska,2005,795.0,795.0,3127.0,3127.0,0.0,3127.0,0.0,0.0,0.0
02,Alaska,2006,787.0,787.0,2822.0,2822.0,0.0,2822.0,0.0,0.0,0.0
02,Alaska,2007,763.0,763.0,3573.0,3573.0,0.0,3573.0,0.0,0.0,0.0
02,Alaska,2008,776.0,776.0,3034.0,3034.0,0.0,3034.0,0.0,0.0,0.0
02,Alaska,2009,723.0,723.0,2740.0,2740.0,0.0,2740.0,0.0,0.0,0.0
02,Alaska,2010,653.0,653.0,2565.0,2565.0,0.0,2565.0,0.0,0.0,0.0
02,Alaska,2011,640.0,640.0,2921.0,2921.0,0.0,2921.0,0.0,0.0,0.0
02,Alaska,2012,647.0,647.0,2599.0,2599.0,0.0,2599.0,0.0,0.0,0.0
02,Alaska,2013,674.0,674.0,2607.0,2607.0,0.0,2607.0,0.0,0.0,0.0
02,Alaska,2014,625.0,625.0,2375.0,2375.0,0.0,2375.0,0.0,0.0,0.0
02,Alaska,2015,641.0,641.0,2224.0,2224.0,0.0,2224.0,0.0,0.0,0.0
02,Alaska,2016,665.0,665.0,2635.0,2635.0,0.0,2635.0,0.0,0.0,0.0
02,Alaska,2017,686.0,686.0,2577.0,2577.0,0.0,2577.0,0.0,0.0,0.0
02,Alaska,2018,720.0,720.0,3066.0,3066.0,0.0,3066.0,0.0,0.0,0.0
02,Alaska,2019,623.0,623.0,2507.0,2507.0,0.0,2507.0,0.0,0.0,0.0
02,Alaska,2020,732.0,732.0,2738.0,2738.0,0.0,2738.0,0.0,0.0,0.0
04,Arizona,1994,6556.0,6567.0,35963.0,35963.0,0.0,35963.0,0.0,0.0,0.0
04,Arizona,1995,7251.0,7286.0,41994.0,41994.0,0.0,41994.0,0.0,0.0,0.0
04,Arizona,1996,8096.0,8114.0,45570.0,45570.0,0.0,45570.0,0.0,0.0,0.0
04,Arizona,1997,7245.0,7261.0,37662.0,37662.0,0.0,37662.0,0.0,0.0,0.0
04,Arizona,1998,7324.0,7334.0,38832.0,38832.0,0.0,38832.0,0.0,0.0,0.0
04,Arizona,1999,6195.0,6203.0,34839.0,34839.0,0.0,34839.0,0.0,0.0,0.0
04,Arizona,2000,7853.0,7869.0,40533.0,40533.0,0.0,40533.0,0.0,0.0,0.0
04,Arizona,2001,7136.0,7150.0,38855.0,38855.0,0.0,38855.0,0.0,0.0,0.0
04,Arizona,2002,6653.0,6675.0,37083.0,37083.0,0.0,37083.0,0.0,0.0,0.0
04,Arizona,2003,6649.0,6653.0,35392.0,35392.0,0.0,35392.0,0.0,0.0,0.0
04,Arizona,2004,6298.0,6304.0,35610.0,35610.0,0.0,35610.0,0.0,0.0,0.0
04,Arizona,2005,7446.0,7469.0,42465.0,42465.0,0.0,42465.0,0.0,0.0,0.0
04,Arizona,2006,11087.0,11113.0,61508.0,61508.0,0.0,61508.0,0.0,0.0,0.0
04,Arizona,2007,9414.0,9441.0,46731.0,46731.0,0.0,46731.0,0.0,0.0,0.0
04,Arizona,2008,7717.0,7730.0,42534.0,42534.0,0.0,42534.0,0.0,0.0,0.0
04,Arizona,2009,6943.0,6962.0,35884.0,35884.0,0.0,35884.0,0.0,0.0,0.0
04,Arizona,2010,5920.0,5929.0,30853.0,30853.0,0.0,30853.0,0.0,0.0,0.0
04,Arizona,2011,5774.0,5781.0,29174.0,29174.0,0.0,29174.0,0.0,0.0,0.0
04,Arizona,2012,5856.0,5859.0,30515.0,30515.0,0.0,30515.0,0.0,0.0,0.0
04,Arizona,2013,5987.0,5990.0,30433.0,30433.0,0.0,30433.0,0.0,0.0,0.0
04,Arizona,2014,5737.0,5741.0,28229.0,28229.0,0.0,28229.0,0.0,0.0,0.0
04,Arizona,2015,6125.0,6127.0,31853.0,31853.0,0.0,31853.0,0.0,0.0,0.0
04,Arizona,2016,7025.0,7032.0,33476.0,33476.0,0.0,33476.0,0.0,0.0,0.0
04,Arizona,2017,7224.0,7226.0,36390.0,36390.0,0.0,36390.0,0.0,0.0,0.0
04,Arizona,2018,7060.0,7068.0,33908.0,33908.0,0.0,33908.0,0.0,0.0,0.0
04,Arizona,2019,6998.0,6999.0,31874.0,31874.0,0.0,31874.0,0.0,0.0,0.0
04,Arizona,2020,7232.0,7232.0,35277.0,35277.0,0.0,35277.0,0.0,0.0,0.0
05,Arkansas,1994,3854.0,3873.0,17725.0,17725.0,0.0,17725.0,0.0,0.0,0.0
05,Arkansas,1995,4127.0,4130.0,18739.0,18739.0,0.0,18739.0,0.0,0.0,0.0
05,Arkansas,1996,3879.0,3896.0,16764.0,16764.0,0.0,16764.0,0.0,0.0,0.0
05,Arkansas,1997,3640.0,3648.0,15790.0,15790.0,0.0,15790.0,0.0,0.0,0.0
05,Arkansas,1998,3395.0,3402.0,13757.0,13757.0,0.0,13757.0,0.0,0.0,0.0
05,Arkansas,1999,3441.0,3441.0,14155.0,14155.0,0.0,14155.0,0.0,0.0,0.0
05,Arkansas,2000,3484.0,3511.0,15650.0,15650.0,0.0,15650.0,0.0,0.0,0.0
05,Arkansas,2001,3501.0,3506.0,15684.0,15684.0,0.0,15684.0,0.0,0.0,0.0
05,Arkansas,2002,3342.0,3343.0,14715.0,14715.0,0.0,14715.0,0.0,0.0,0.0
05,Arkansas,2003,3362.0,3364.0,15186.0,15186.0,0.0,15186.0,0.0,0.0,0.0
05,Arkansas,2004,3624.0,3625.0,14814.0,14814.0,0.0,14814.0,0.0,0.0,0.0
05,Arkansas,2005,3845.0,3847.0,15635.0,15635.0,0.0,15635.0,0.0,0.0,0.0
05,Arkansas,2006,5174.0,5178.0,18698.0,18698.0,0.0,18698.0,0.0,0.0,0.0
05,Arkansas,2007,4297.0,4298.0,15945.0,15945.0,0.0,15945.0,0.0,0.0,0.0
05,Arkansas,2008,4496.0,4501.0,15380.0,15380.0,0.0,15380.0,0.0,0.0,0.0
05,Arkansas,2009,4121.0,4122.0,14796.0,14796.0,0.0,14796.0,0.0,0.0,0.0
05,Arkansas,2010,3298.0,3298.0,12392.0,12392.0,0.0,12392.0,0.0,0.0,0.0
05,Arkansas,2011,3913.0,3913.0,13186.0,13186.0,0.0,13186.0,0.0,0.0,0.0
05,Arkansas,2012,3731.0,3732.0,14011.0,14011.0,0.0,14011.0,0.0,0.0,0.0
05,Arkansas,2013,3569.0,3571.0,13426.0,13426.0,0.0,13426.0,0.0,0.0,0.0
05,Arkansas,2014,3037.0,3047.0,11263.0,11263.0,0.0,11263.0,0.0,0.0,0.0
05,Arkansas,2015,3417.0,3421.0,12314.0,12314.0,0.0,12314.0,0.0,0.0,0.0
05,Arkansas,2016,3604.0,3607.0,12237.0,12237.0,0.0,12237.0,0.0,0.0,0.0
05,Arkansas,2017,3524.0,3528.0,11850.0,11850.0,0.0,11850.0,0.0,0.0,0.0
05,Arkansas,2018,3488.0,3493.0,13122.0,13122.0,0.0,13122.0,0.0,0.0,0.0
05,Arkansas,2019,3531.0,3534.0,12772.0,12772.0,0.0,12772.0,0.0,0.0,0.0
05,Arkansas,2020,3451.0,3453.0,12589.0,12589.0,0.0,12589.0,0.0,0.0,0.0
06,California,1994,52168.0,52305.0,285163.0,285163.0,0.0,285163.0,0.0,0.0,0.0
06,California,1995,51536.0,51660.0,277035.0,277035.0,0.0,277035.0,0.0,0.0,0.0
06,California,1996,54668.0,54793.0,302558.0,302558.0,0.0,302558.0,0.0,0.0,0.0
06,California,1997,54319.0,54416.0,312264.0,312264.0,0.0,312264.0,0.0,0.0,0.0
06,California,1998,53415.0,53563.0,312932.0,312932.0,0.0,312932.0,0.0,0.0,0.0
06,California,1999,55926.0,56016.0,293981.0,293981.0,0.0,293981.0,0.0,0.0,0.0
06,California,2000,58395.0,58494.0,342665.0,342665.0,0.0,342665.0,0.0,0.0,0.0
06,California,2001,59014.0,59114.0,299278.0,299278.0,0.0,299278.0,0.0,0.0,0.0
06,California,2002,55671.0,55744.0,279993.0,279993.0,0.0,279993.0,0.0,0.0,0.0
06,California,2003,56482.0,56585.0,278624.0,278624.0,0.0,278624.0,0.0,0.0,0.0
06,California,2004,56803.0,56835.0,280248.0,280248.0,0.0,280248.0,0.0,0.0,0.0
06,California,2005,60813.0,60854.0,297215.0,297215.0,0.0,297215.0,0.0,0.0,0.0
06,California,2006,63364.0,63411.0,281703.0,281703.0,0.0,281703.0,0.0,0.0,0.0
06,California,2007,59412.0,59454.0,245886.0,245886.0,0.0,245886.0,0.0,0.0,0.0
06,California,2008,54089.0,54113.0,231233.0,231233.0,0.0,231233.0,0.0,0.0,0.0
06,California,2009,45432.0,45448.0,190900.0,190900.0,0.0,190900.0,0.0,0.0,0.0
06,California,2010,42422.0,42446.0,182844.0,182844.0,0.0,182844.0,0.0,0.0,0.0
06,California,2011,45427.0,45441.0,195787.0,195787.0,0.0,195787.0,0.0,0.0,0.0
06,California,2012,46876.0,46886.0,216470.0,216470.0,0.0,216470.0,0.0,0.0,0.0
06,California,2013,48315.0,48363.0,221672.0,221672.0,0.0,221672.0,0.0,0.0,0.0
06,California,2014,53917.0,53939.0,244006.0,244006.0,0.0,244006.0,0.0,0.0,0.0
06,California,2015,54138.0,54152.0,252892.0,252892.0,0.0,252892.0,0.0,0.0,0.0
06,California,2016,54080.0,54099.0,250281.0,250281.0,0.0,250281.0,0.0,0.0,0.0
06,California,2017,56448.0,56492.0,265672.0,265672.0,0.0,265672.0,0.0,0.0,0.0
06,California,2018,57562.0,57586.0,254739.0,254739.0,0.0,254739.0,0.0,0.0,0.0
06,California,2019,57363.0,57380.0,251934.0,251934.0,0.0,251934.0,0.0,0.0,0.0
06,California,2020,59706.0,59715.0,253331.0,253331.0,0.0,253331.0,0.0,0.0,0.0
08,Colorado,1994,8684.0,8703.0,33699.0,33699.0,0.0,33699.0,0.0,0.0,0.0
08,Colorado,1995,8934.0,8959.0,33772.0,33772.0,0.0,33772.0,0.0,0.0,0.0
08,Colorado,1996,8658.0,8671.0,33050.0,33050.0,0.0,33050.0,0.0,0.0,0.0
08,Colorado,1997,8838.0,8875.0,35774.0,35774.0,0.0,35774.0,0.0,0.0,0.0
08,Colorado,1998,8988.0,9013.0,33983.0,33983.0,0.0,33983.0,0.0,0.0,0.0
08,Colorado,1999,8356.0,8379.0,29505.0,29505.0,0.0,29505.0,0.0,0.0,0.0
08,Colorado,2000,9263.0,9276.0,37129.0,37129.0,0.0,37129.0,0.0,0.0,0.0
08,Colorado,2001,9674.0,9699.0,35251.0,35251.0,0.0,35251.0,0.0,0.0,0.0
08,Colorado,2002,8919.0,8952.0,31453.0,31453.0,0.0,31453.0,0.0,0.0,0.0
08,Colorado,2003,8974.0,8997.0,31393.0,31393.0,0.0,31393.0,0.0,0.0,0.0
08,Colorado,2004,9511.0,9525.0,32806.0,32806.0,0.0,32806.0,0.0,0.0,0.0
08,Colorado,2005,10086.0,10113.0,37813.0,37813.0,0.0,37813.0,0.0,0.0,0.0
08,Colorado,2006,10060.0,10069.0,37107.0,37107.0,0.0,37107.0,0.0,0.0,0.0
08,Colorado,2007,9854.0,9863.0,35432.0,35432.0,0.0,35432.0,0.0,0.0,0.0
08,Colorado,2008,9405.0,9412.0,34796.0,34796.0,0.0,34796.0,0.0,0.0,0.0
08,Colorado,2009,7723.0,7745.0,27704.0,27704.0,0.0,27704.0,0.0,0.0,0.0
08,Colorado,2010,6761.0,6769.0,26395.0,26395.0,0.0,26395.0,0.0,0.0,0.0
08,Colorado,2011,6954.0,6954.0,28339.0,28339.0,0.0,28339.0,0.0,0.0,0.0
08,Colorado,2012,7030.0,7033.0,28108.0,28108.0,0.0,28108.0,0.0,0.0,0.0
08,Colorado,2013,7923.0,7930.0,30089.0,30089.0,0.0,30089.0,0.0,0.0,0.0
08,Colorado,2014,8331.0,8337.0,31758.0,31758.0,0.0,31758.0,0.0,0.0,0.0
08,Colorado,2015,8753.0,8776.0,35010.0,35010.0,0.0,35010.0,0.0,0.0,0.0
08,Colorado,2016,9615.0,9615.0,35511.0,35511.0,0.0,35511.0,0.0,0.0,0.0
08,Colorado,2017,10479.0,10496.0,38657.0,38657.0,0.0,38657.0,0.0,0.0,0.0
08,Colorado,2018,9658.0,9695.0,36627.0,36627.0,0.0,36627.0,0.0,0.0,0.0
08,Colorado,2019,10036.0,10055.0,38020.0,38020.0,0.0,38020.0,0.0,0.0,0.0
08,Colorado,2020,9697.0,9704.0,37968.0,37968.0,0.0,37968.0,0.0,0.0,0.0
09,Connecticut,1994,4047.0,4051.0,17469.0,17469.0,0.0,17469.0,0.0,0.0,0.0
09,Connecticut,1995,4577.0,4582.0,20775.0,20775.0,0.0,20775.0,0.0,0.0,0.0
09,Connecticut,1996,4637.0,4644.0,19805.0,19805.0,0.0,19805.0,0.0,0.0,0.0
09,Connecticut,1997,4704.0,4714.0,21706.0,21706.0,0.0,21706.0,0.0,0.0,0.0
09,Connecticut,1998,3968.0,3973.0,18493.0,18493.0,0.0,18493.0,0.0,0.0,0.0
09,Connecticut,1999,3806.0,3818.0,18805.0,18805.0,0.0,18805.0,0.0,0.0,0.0
09,Connecticut,2000,3815.0,3817.0,17337.0,17337.0,0.0,17337.0,0.0,0.0,0.0
09,Connecticut,2001,4045.0,4049.0,16702.0,16702.0,0.0,16702.0,0.0,0.0,0.0
09,Connecticut,2002,3899.0,3903.0,16087.0,16087.0,0.0,16087.0,0.0,0.0,0.0
09,Connecticut,2003,3925.0,3927.0,16216.0,16216.0,0.0,16216.0,0.0,0.0,0.0
09,Connecticut,2004,3707.0,3710.0,13673.0,13673.0,0.0,13673.0,0.0,0.0,0.0
09,Connecticut,2005,4051.0,4054.0,15380.0,15380.0,0.0,15380.0,0.0,0.0,0.0
09,Connecticut,2006,4305.0,4310.0,15487.0,15487.0,0.0,15487.0,0.0,0.0,0.0
09,Connecticut,2007,4097.0,4100.0,16037.0,16037.0,0.0,16037.0,0.0,0.0,0.0
09,Connecticut,2008,3883.0,3883.0,15389.0,15389.0,0.0,15389.0,0.0,0.0,0.0
09,Connecticut,2009,3259.0,3259.0,12719.0,12719.0,0.0,12719.0,0.0,0.0,0.0
09,Connecticut,2010,2703.0,2705.0,11022.0,11022.0,0.0,11022.0,0.0,0.0,0.0
09,Connecticut,2011,3075.0,3076.0,13103.0,13103.0,0.0,13103.0,0.0,0.0,0.0
09,Connecticut,2012,3425.0,3428.0,14549.0,14549.0,0.0,14549.0,0.0,0.0,0.0
09,Connecticut,2013,3634.0,3634.0,14846.0,14846.0,0.0,14846.0,0.0,0.0,0.0
09,Connecticut,2014,3461.0,3462.0,14422.0,14422.0,0.0,14422.0,0.0,0.0,0.0
09,Connecticut,2015,3549.0,3549.0,13390.0,13390.0,0.0,13390.0,0.0,0.0,0.0
09,Connecticut,2016,3801.0,3805.0,13889.0,13889.0,0.0,13889.0,0.0,0.0,0.0
09,Connecticut,2017,3522.0,3522.0,13994.0,13994.0,0.0,13994.0,0.0,0.0,0.0
09,Connecticut,2018,3626.0,3627.0,14283.0,14283.0,0.0,14283.0,0.0,0.0,0.0
09,Connecticut,2019,3327.0,3327.0,13376.0,13376.0,0.0,13376.0,0.0,0.0,0.0
09,Connecticut,2020,3255.0,3264.0,12885.0,12885.0,0.0,12885.0,0.0,0.0,0.0
11,District of Columbia,1994,1110.0,1111.0,6735.0,6735.0,0.0,6735.0,0.0,0.0,0.0
11,District of Columbia,1995,1163.0,1167.0,7179.0,7179.0,0.0,7179.0,0.0,0.0,0.0
11,District of Columbia,1996,1271.0,1278.0,7057.0,7057.0,0.0,7057.0,0.0,0.0,0.0
11,District of Columbia,1997,937.0,937.0,5738.0,5738.0,0.0,5738.0,0.0,0.0,0.0
11,District of Columbia,1998,762.0,763.0,3753.0,3753.0,0.0,3753.0,0.0,0.0,0.0
11,District of Columbia,1999,664.0,664.0,5477.0,5477.0,0.0,5477.0,0.0,0.0,0.0
11,District of Columbia,2000,1843.0,1845.0,12563.0,12563.0,0.0,12563.0,0.0,0.0,0.0
11,District of Columbia,2001,1196.0,1197.0,7535.0,7535.0,0.0,7535.0,0.0,0.0,0.0
11,District of Columbia,2002,1163.0,1165.0,5308.0,5308.0,0.0,5308.0,0.0,0.0,0.0
11,District of Columbia,2003,1110.0,1110.0,5904.0,5904.0,0.0,5904.0,0.0,0.0,0.0
11,District of Columbia,2004,1120.0,1121.0,6592.0,6592.0,0.0,6592.0,0.0,0.0,0.0
11,District of Columbia,2005,1121.0,1122.0,4963.0,4963.0,0.0,4963.0,0.0,0.0,0.0
11,District of Columbia,2006,1128.0,1129.0,6147.0,6147.0,0.0,6147.0,0.0,0.0,0.0
11,District of Columbia,2007,1055.0,1055.0,5461.0,5461.0,0.0,5461.0,0.0,0.0,0.0
11,District of Columbia,2008,977.0,977.0,4984.0,4984.0,0.0,4984.0,0.0,0.0,0.0
11,District of Columbia,2009,810.0,810.0,4965.0,4965.0,0.0,4965.0,0.0,0.0,0.0
11,District of Columbia,2010,954.0,955.0,5874.0,5874.0,0.0,5874.0,0.0,0.0,0.0
11,District of Columbia,2011,886.0,886.0,5450.0,5450.0,0.0,5450.0,0.0,0.0,0.0
11,District of Columbia,2012,964.0,964.0,6209.0,6209.0,0.0,6209.0,0.0,0.0,0.0
11,District of Columbia,2013,1105.0,1106.0,6961.0,6961.0,0.0,6961.0,0.0,0.0,0.0
11,District of Columbia,2014,1411.0,1412.0,6845.0,6845.0,0.0,6845.0,0.0,0.0,0.0
11,District of Columbia,2015,949.0,952.0,5389.0,5389.0,0.0,5389.0,0.0,0.0,0.0
11,District of Columbia,2016,1111.0,1111.0,8058.0,8058.0,0.0,8058.0,0.0,0.0,0.0
11,District of Columbia,2017,1270.0,1270.0,6747.0,6747.0,0.0,6747.0,0.0,0.0,0.0
11,District of Columbia,2018,1549.0,1549.0,7947.0,7947.0,0.0,7947.0,0.0,0.0,0.0
11,District of Columbia,2019,1431.0,1431.0,6624.0,6624.0,0.0,6624.0,0.0,0.0,0.0
11,District of Columbia,2020,1381.0,1381.0,5552.0,5552.0,0.0,5552.0,0.0,0.0,0.0
10,Delaware,1994,1279.0,1282.0,5444.0,5444.0,0.0,5444.0,0.0,0.0,0.0
10,Delaware,1995,1331.0,1334.0,6012.0,6012.0,0.0,6012.0,0.0,0.0,0.0
10,Delaware,1996,1377.0,1378.0,5813.0,5813.0,0.0,5813.0,0.0,0.0,0.0
10,Delaware,1997,1462.0,1464.0,6439.0,6439.0,0.0,6439.0,0.0,0.0,0.0
10,Delaware,1998,1367.0,1368.0,5467.0,5467.0,0.0,5467.0,0.0,0.0,0.0
10,Delaware,1999,1438.0,1440.0,5385.0,5385.0,0.0,5385.0,0.0,0.0,0.0
10,Delaware,2000,1455.0,1456.0,6673.0,6673.0,0.0,6673.0,0.0,0.0,0.0
10,Delaware,2001,1547.0,1547.0,8168.0,8168.0,0.0,8168.0,0.0,0.0,0.0
10,Delaware,2002,1160.0,1163.0,5993.0,5993.0,0.0,5993.0,0.0,0.0,0.0
10,Delaware,2003,1320.0,1320.0,5659.0,5659.0,0.0,5659.0,0.0,0.0,0.0
10,Delaware,2004,1436.0,1436.0,6492.0,6492.0,0.0,6492.0,0.0,0.0,0.0
10,Delaware,2005,1334.0,1334.0,6172.0,6172.0,0.0,6172.0,0.0,0.0,0.0
10,Delaware,2006,1620.0,1620.0,8025.0,8025.0,0.0,8025.0,0.0,0.0,0.0
10,Delaware,2007,1309.0,1309.0,6304.0,6304.0,0.0,6304.0,0.0,0.0,0.0
10,Delaware,2008,1225.0,1225.0,6202.0,6202.0,0.0,6202.0,0.0,0.0,0.0
10,Delaware,2009,949.0,949.0,5553.0,5553.0,0.0,5553.0,0.0,0.0,0.0
10,Delaware,2010,848.0,848.0,3972.0,3972.0,0.0,3972.0,0.0,0.0,0.0
10,Delaware,2011,917.0,917.0,4995.0,4995.0,0.0,4995.0,0.0,0.0,0.0
10,Delaware,2012,1008.0,1009.0,4910.0,4910.0,0.0,4910.0,0.0,0.0,0.0
10,Delaware,2013,1080.0,1083.0,4808.0,4808.0,0.0,4808.0,0.0,0.0,0.0
10,Delaware,2014,1108.0,1108.0,4746.0,4746.0,0.0,4746.0,0.0,0.0,0.0
10,Delaware,2015,1210.0,1210.0,4735.0,4735.0,0.0,4735.0,0.0,0.0,0.0
10,Delaware,2016,1330.0,1330.0,5874.0,5874.0,0.0,5874.0,0.0,0.0,0.0
10,Delaware,2017,1304.0,1304.0,4968.0,4968.0,0.0,4968.0,0.0,0.0,0.0
10,Delaware,2018,1605.0,1605.0,6288.0,6288.0,0.0,6288.0,0.0,0.0,0.0
10,Delaware,2019,1328.0,1328.0,4799.0,4799.0,0.0,4799.0,0.0,0.0,0.0
10,Delaware,2020,1437.0,1437.0,6202.0,6202.0,0.0,6202.0,0.0,0.0,0.0
12,Florida,1994,32101.0,32212.0,155199.0,155199.0,0.0,155199.0,0.0,0.0,0.0
12,Florida,1995,32126.0,32225.0,154846.0,154846.0,0.0,154846.0,0.0,0.0,0.0
12,Florida,1996,32657.0,32763.0,148056.0,148056.0,0.0,148056.0,0.0,0.0,0.0
12,Florida,1997,30878.0,30913.0,152057.0,152057.0,0.0,152057.0,0.0,0.0,0.0
12,Florida,1998,27152.0,27221.0,149875.0,149875.0,0.0,149875.0,0.0,0.0,0.0
12,Florida,1999,27958.0,28112.0,154690.0,154690.0,0.0,154690.0,0.0,0.0,0.0
12,Florida,2000,34865.0,34870.0,165269.0,165269.0,0.0,165269.0,0.0,0.0,0.0
12,Florida,2001,33633.0,33646.0,145794.0,145794.0,0.0,145794.0,0.0,0.0,0.0
12,Florida,2002,33760.0,33778.0,141548.0,141548.0,0.0,141548.0,0.0,0.0,0.0
12,Florida,2003,37936.0,37944.0,150575.0,150575.0,0.0,150575.0,0.0,0.0,0.0
12,Florida,2004,41250.0,41262.0,154649.0,154649.0,0.0,154649.0,0.0,0.0,0.0
12,Florida,2005,43551.0,43559.0,174404.0,174404.0,0.0,174404.0,0.0,0.0,0.0
12,Florida,2006,48975.0,48992.0,177442.0,177442.0,0.0,177442.0,0.0,0.0,0.0
12,Florida,2007,41299.0,41309.0,153002.0,153002.0,0.0,153002.0,0.0,0.0,0.0
12,Florida,2008,35870.0,35880.0,143476.0,143476.0,0.0,143476.0,0.0,0.0,0.0
12,Florida,2009,29572.0,29590.0,121168.0,121168.0,0.0,121168.0,0.0,0.0,0.0
12,Florida,2010,29071.0,29089.0,116423.0,116423.0,0.0,116423.0,0.0,0.0,0.0
12,Florida,2011,31626.0,31671.0,125874.0,125874.0,0.0,125874.0,0.0,0.0,0.0
12,Florida,2012,32787.0,32817.0,135102.0,135102.0,0.0,135102.0,0.0,0.0,0.0
12,Florida,2013,33042.0,33058.0,136690.0,136690.0,0.0,136690.0,0.0,0.0,0.0
12,Florida,2014,33318.0,33326.0,136749.0,136749.0,0.0,136749.0,0.0,0.0,0.0
12,Florida,2015,35855.0,35864.0,141211.0,141211.0,0.0,141211.0,0.0,0.0,0.0
12,Florida,2016,37500.0,37513.0,141080.0,141080.0,0.0,141080.0,0.0,0.0,0.0
12,Florida,2017,36607.0,36614.0,135363.0,135363.0,0.0,135363.0,0.0,0.0,0.0
12,Florida,2018,36946.0,36959.0,133515.0,133515.0,0.0,133515.0,0.0,0.0,0.0
12,Florida,2019,38459.0,38464.0,136008.0,136008.0,0.0,136008.0,0.0,0.0,0.0
12,Florida,2020,37416.0,37420.0,134046.0,134046.0,0.0,134046.0,0.0,0.0,0.0
13,Georgia,1994,12445.0,12457.0,63258.0,63258.0,0.0,63258.0,0.0,0.0,0.0
13,Georgia,1995,11976.0,11995.0,61345.0,61345.0,0.0,61345.0,0.0,0.0,0.0
13,Georgia,1996,11778.0,11783.0,58703.0,58703.0,0.0,58703.0,0.0,0.0,0.0
13,Georgia,1997,12037.0,12048.0,56338.0,56338.0,0.0,56338.0,0.0,0.0,0.0
13,Georgia,1998,13029.0,13046.0,68369.0,68369.0,0.0,68369.0,0.0,0.0,0.0
13,Georgia,1999,12864.0,12885.0,66632.0,66632.0,0.0,66632.0,0.0,0.0,0.0
13,Georgia,2000,12096.0,12103.0,62526.0,62526.0,0.0,62526.0,0.0,0.0,0.0
13,Georgia,2001,13459.0,13476.0,66387.0,66387.0,0.0,66387.0,0.0,0.0,0.0
13,Georgia,2002,13921.0,13959.0,66065.0,66065.0,0.0,66065.0,0.0,0.0,0.0
13,Georgia,2003,12945.0,12989.0,57845.0,57845.0,0.0,57845.0,0.0,0.0,0.0
13,Georgia,2004,11837.0,11855.0,52683.0,52683.0,0.0,52683.0,0.0,0.0,0.0
13,Georgia,2005,13499.0,13507.0,61271.0,61271.0,0.0,61271.0,0.0,0.0,0.0
13,Georgia,2006,13443.0,13456.0,59997.0,59997.0,0.0,59997.0,0.0,0.0,0.0
13,Georgia,2007,13924.0,13944.0,61822.0,61822.0,0.0,61822.0,0.0,0.0,0.0
13,Georgia,2008,12591.0,12608.0,55031.0,55031.0,0.0,55031.0,0.0,0.0,0.0
13,Georgia,2009,9791.0,9800.0,47471.0,47471.0,0.0,47471.0,0.0,0.0,0.0
13,Georgia,2010,8837.0,8844.0,40043.0,40043.0,0.0,40043.0,0.0,0.0,0.0
13,Georgia,2011,9486.0,9490.0,40169.0,40169.0,0.0,40169.0,0.0,0.0,0.0
13,Georgia,2012,10132.0,10144.0,44064.0,44064.0,0.0,44064.0,0.0,0.0,0.0
13,Georgia,2013,9977.0,9986.0,42834.0,42834.0,0.0,42834.0,0.0,0.0,0.0
13,Georgia,2014,10310.0,10314.0,41837.0,41837.0,0.0,41837.0,0.0,0.0,0.0
13,Georgia,2015,11644.0,11648.0,51549.0,51549.0,0.0,51549.0,0.0,0.0,0.0
13,Georgia,2016,12981.0,12984.0,53116.0,53116.0,0.0,53116.0,0.0,0.0,0.0
13,Georgia,2017,14573.0,14584.0,63172.0,63172.0,0.0,63172.0,0.0,0.0,0.0
13,Georgia,2018,13162.0,13166.0,61001.0,61001.0,0.0,61001.0,0.0,0.0,0.0
13,Georgia,2019,14170.0,14175.0,61532.0,61532.0,0.0,61532.0,0.0,0.0,0.0
13,Georgia,2020,13543.0,13545.0,57659.0,57659.0,0.0,57659.0,0.0,0.0,0.0
15,Hawaii,1994,1741.0,1744.0,10616.0,10616.0,0.0,10616.0,0.0,0.0,0.0
15,Hawaii,1995,1870.0,1880.0,10755.0,10755.0,0.0,10755.0,0.0,0.0,0.0
15,Hawaii,1996,1647.0,1647.0,9470.0,9470.0,0.0,9470.0,0.0,0.0,0.0
15,Hawaii,1997,1631.0,1634.0,8703.0,8703.0,0.0,8703.0,0.0,0.0,0.0
15,Hawaii,1998,1592.0,1593.0,9501.0,9501.0,0.0,9501.0,0.0,0.0,0.0
15,Hawaii,1999,1569.0,1570.0,7750.0,7750.0,0.0,7750.0,0.0,0.0,0.0
15,Hawaii,2000,1713.0,1723.0,9080.0,9080.0,0.0,9080.0,0.0,0.0,0.0
15,Hawaii,2001,1600.0,1600.0,8439.0,8439.0,0.0,8439.0,0.0,0.0,0.0
15,Hawaii,2002,1668.0,1674.0,8813.0,8813.0,0.0,8813.0,0.0,0.0,0.0
15,Hawaii,2003,1542.0,1543.0,7354.0,7354.0,0.0,7354.0,0.0,0.0,0.0
15,Hawaii,2004,1489.0,1489.0,7187.0,7187.0,0.0,7187.0,0.0,0.0,0.0
15,Hawaii,2005,1435.0,1435.0,6972.0,6972.0,0.0,6972.0,0.0,0.0,0.0
15,Hawaii,2006,1576.0,1577.0,6791.0,6791.0,0.0,6791.0,0.0,0.0,0.0
15,Hawaii,2007,1511.0,1511.0,6533.0,6533.0,0.0,6533.0,0.0,0.0,0.0
15,Hawaii,2008,1321.0,1321.0,5819.0,5819.0,0.0,5819.0,0.0,0.0,0.0
15,Hawaii,2009,1105.0,1105.0,5663.0,5663.0,0.0,5663.0,0.0,0.0,0.0
15,Hawaii,2010,943.0,943.0,4171.0,4171.0,0.0,4171.0,0.0,0.0,0.0
15,Hawaii,2011,958.0,958.0,4831.0,4831.0,0.0,4831.0,0.0,0.0,0.0
15,Hawaii,2012,967.0,967.0,4139.0,4139.0,0.0,4139.0,0.0,0.0,0.0
15,Hawaii,2013,1084.0,1084.0,5023.0,5023.0,0.0,5023.0,0.0,0.0,0.0
15,Hawaii,2014,1036.0,1042.0,4621.0,4621.0,0.0,4621.0,0.0,0.0,0.0
15,Hawaii,2015,1170.0,1171.0,4839.0,4839.0,0.0,4839.0,0.0,0.0,0.0
15,Hawaii,2016,1250.0,1250.0,5772.0,5772.0,0.0,5772.0,0.0,0.0,0.0
15,Hawaii,2017,1301.0,1301.0,7331.0,7331.0,0.0,7331.0,0.0,0.0,0.0
15,Hawaii,2018,1337.0,1337.0,5545.0,5545.0,0.0,5545.0,0.0,0.0,0.0
15,Hawaii,2019,1370.0,1371.0,6287.0,6287.0,0.0,6287.0,0.0,0.0,0.0
15,Hawaii,2020,1244.0,1244.0,4558.0,4558.0,0.0,4558.0,0.0,0.0,0.0
16,Idaho,1994,2271.0,2271.0,9043.0,9043.0,0.0,9043.0,0.0,0.0,0.0
16,Idaho,1995,2220.0,2226.0,8576.0,8576.0,0.0,8576.0,0.0,0.0,0.0
16,Idaho,1996,2150.0,2154.0,7947.0,7947.0,0.0,7947.0,0.0,0.0,0.0
16,Idaho,1997,2169.0,2179.0,8128.0,8128.0,0.0,8128.0,0.0,0.0,0.0
16,Idaho,1998,2265.0,2267.0,9442.0,9442.0,0.0,9442.0,0.0,0.0,0.0
16,Idaho,1999,2242.0,2245.0,8568.0,8568.0,0.0,8568.0,0.0,0.0,0.0
16,Idaho,2000,2317.0,2317.0,9733.0,9733.0,0.0,9733.0,0.0,0.0,0.0
16,Idaho,2001,2370.0,2372.0,10107.0,10107.0,0.0,10107.0,0.0,0.0,0.0
16,Idaho,2002,2109.0,2110.0,7790.0,7790.0,0.0,7790.0,0.0,0.0,0.0
16,Idaho,2003,2278.0,2279.0,8886.0,8886.0,0.0,8886.0,0.0,0.0,0.0
16,Idaho,2004,2491.0,2492.0,9330.0,9330.0,0.0,9330.0,0.0,0.0,0.0
16,Idaho,2005,3056.0,3056.0,11753.0,11753.0,0.0,11753.0,0.0,0.0,0.0
16,Idaho,2006,3543.0,3544.0,13413.0,13413.0,0.0,13413.0,0.0,0.0,0.0
16,Idaho,2007,3521.0,3522.0,13171.0,13171.0,0.0,13171.0,0.0,0.0,0.0
16,Idaho,2008,2797.0,2797.0,10903.0,10903.0,0.0,10903.0,0.0,0.0,0.0
16,Idaho,2009,1917.0,1918.0,9390.0,9390.0,0.0,9390.0,0.0,0.0,0.0
16,Idaho,2010,1744.0,1745.0,6878.0,6878.0,0.0,6878.0,0.0,0.0,0.0
16,Idaho,2011,1789.0,1789.0,7304.0,7304.0,0.0,7304.0,0.0,0.0,0.0
16,Idaho,2012,1772.0,1774.0,6984.0,6984.0,0.0,6984.0,0.0,0.0,0.0
16,Idaho,2013,1876.0,1877.0,7203.0,7203.0,0.0,7203.0,0.0,0.0,0.0
16,Idaho,2014,2196.0,2197.0,8938.0,8938.0,0.0,8938.0,0.0,0.0,0.0
16,Idaho,2015,2586.0,2588.0,9768.0,9768.0,0.0,9768.0,0.0,0.0,0.0
16,Idaho,2016,2684.0,2684.0,10453.0,10453.0,0.0,10453.0,0.0,0.0,0.0
16,Idaho,2017,2834.0,2834.0,10217.0,10217.0,0.0,10217.0,0.0,0.0,0.0
16,Idaho,2018,3034.0,3036.0,10556.0,10556.0,0.0,10556.0,0.0,0.0,0.0
16,Idaho,2019,3486.0,3486.0,12111.0,12111.0,0.0,12111.0,0.0,0.0,0.0
16,Idaho,2020,3471.0,3472.0,11750.0,11750.0,0.0,11750.0,0.0,0.0,0.0
17,Illinois,1994,17739.0,17752.0,103367.0,103367.0,0.0,103367.0,0.0,0.0,0.0
17,Illinois,1995,19356.0,19371.0,113444.0,113444.0,0.0,113444.0,0.0,0.0,0.0
17,Illinois,1996,17876.0,17884.0,95463.0,95463.0,0.0,95463.0,0.0,0.0,0.0
17,Illinois,1997,14957.0,14960.0,71999.0,71999.0,0.0,71999.0,0.0,0.0,0.0
17,Illinois,1998,16325.0,16354.0,75444.0,75444.0,0.0,75444.0,0.0,0.0,0.0
17,Illinois,1999,15689.0,15691.0,74858.0,74858.0,0.0,74858.0,0.0,0.0,0.0
17,Illinois,2000,15079.0,15089.0,68910.0,68910.0,0.0,68910.0,0.0,0.0,0.0
17,Illinois,2001,14846.0,14853.0,66814.0,66814.0,0.0,66814.0,0.0,0.0,0.0
17,Illinois,2002,14607.0,14613.0,64613.0,64613.0,0.0,64613.0,0.0,0.0,0.0
17,Illinois,2003,14910.0,14912.0,64177.0,64177.0,0.0,64177.0,0.0,0.0,0.0
17,Illinois,2004,15716.0,15719.0,68003.0,68003.0,0.0,68003.0,0.0,0.0,0.0
17,Illinois,2005,15693.0,15694.0,64271.0,64271.0,0.0,64271.0,0.0,0.0,0.0
17,Illinois,2006,18019.0,18024.0,71837.0,71837.0,0.0,71837.0,0.0,0.0,0.0
17,Illinois,2007,16181.0,16185.0,65156.0,65156.0,0.0,65156.0,0.0,0.0,0.0
17,Illinois,2008,13911.0,13911.0,58166.0,58166.0,0.0,58166.0,0.0,0.0,0.0
17,Illinois,2009,13297.0,13302.0,51651.0,51651.0,0.0,51651.0,0.0,0.0,0.0
17,Illinois,2010,13646.0,13648.0,54726.0,54726.0,0.0,54726.0,0.0,0.0,0.0
17,Illinois,2011,12847.0,12850.0,50481.0,50481.0,0.0,50481.0,0.0,0.0,0.0
17,Illinois,2012,13515.0,13519.0,54848.0,54848.0,0.0,54848.0,0.0,0.0,0.0
17,Illinois,2013,11759.0,11760.0,50494.0,50494.0,0.0,50494.0,0.0,0.0,0.0
17,Illinois,2014,12471.0,12510.0,55289.0,55289.0,0.0,55289.0,0.0,0.0,0.0
17,Illinois,2015,14239.0,14240.0,61612.0,61612.0,0.0,61612.0,0.0,0.0,0.0
17,Illinois,2016,15023.0,15184.0,68283.0,68283.0,0.0,68283.0,0.0,0.0,0.0
17,Illinois,2017,16191.0,16195.0,68964.0,68964.0,0.0,68964.0,0.0,0.0,0.0
17,Illinois,2018,13970.0,13977.0,56175.0,56175.0,0.0,56175.0,0.0,0.0,0.0
17,Illinois,2019,14858.0,14861.0,59208.0,59208.0,0.0,59208.0,0.0,0.0,0.0
17,Illinois,2020,12790.0,12790.0,53284.0,53284.0,0.0,53284.0,0.0,0.0,0.0
18,Indiana,1994,7973.0,7980.0,37386.0,37386.0,0.0,37386.0,0.0,0.0,0.0
18,Indiana,1995,7992.0,8006.0,42248.0,42248.0,0.0,42248.0,0.0,0.0,0.0
18,Indiana,1996,7285.0,7292.0,34023.0,34023.0,0.0,34023.0,0.0,0.0,0.0
18,Indiana,1997,7366.0,7380.0,37372.0,37372.0,0.0,37372.0,0.0,0.0,0.0
18,Indiana,1998,6880.0,6881.0,32292.0,32292.0,0.0,32292.0,0.0,0.0,0.0
18,Indiana,1999,6671.0,6719.0,33412.0,33412.0,0.0,33412.0,0.0,0.0,0.0
18,Indiana,2000,6357.0,6361.0,32272.0,32272.0,0.0,32272.0,0.0,0.0,0.0
18,Indiana,2001,6432.0,6449.0,32484.0,32484.0,0.0,32484.0,0.0,0.0,0.0
18,Indiana,2002,6114.0,6287.0,31991.0,31991.0,0.0,31991.0,0.0,0.0,0.0
18,Indiana,2003,6492.0,6494.0,32910.0,32910.0,0.0,32910.0,0.0,0.0,0.0
18,Indiana,2004,6614.0,6617.0,32589.0,32589.0,0.0,32589.0,0.0,0.0,0.0
18,Indiana,2005,6972.0,6983.0,33652.0,33652.0,0.0,33652.0,0.0,0.0,0.0
18,Indiana,2006,6835.0,6849.0,34669.0,34669.0,0.0,34669.0,0.0,0.0,0.0
18,Indiana,2007,6416.0,6416.0,31004.0,31004.0,0.0,31004.0,0.0,0.0,0.0
18,Indiana,2008,5725.0,5728.0,28681.0,28681.0,0.0,28681.0,0.0,0.0,0.0
18,Indiana,2009,5855.0,5855.0,28805.0,28805.0,0.0,28805.0,0.0,0.0,0.0
18,Indiana,2010,4554.0,4557.0,21631.0,21631.0,0.0,21631.0,0.0,0.0,0.0
18,Indiana,2011,5944.0,5948.0,27050.0,27050.0,0.0,27050.0,0.0,0.0,0.0
18,Indiana,2012,5461.0,5465.0,25310.0,25310.0,0.0,25310.0,0.0,0.0,0.0
18,Indiana,2013,5192.0,5202.0,25509.0,25509.0,0.0,25509.0,0.0,0.0,0.0
18,Indiana,2014,4884.0,4893.0,21067.0,21067.0,0.0,21067.0,0.0,0.0,0.0
18,Indiana,2015,5268.0,5276.0,23457.0,23457.0,0.0,23457.0,0.0,0.0,0.0
18,Indiana,2016,5378.0,5380.0,23116.0,23116.0,0.0,23116.0,0.0,0.0,0.0
18,Indiana,2017,5211.0,5217.0,22398.0,22398.0,0.0,22398.0,0.0,0.0,0.0
18,Indiana,2018,5579.0,5581.0,24838.0,24838.0,0.0,24838.0,0.0,0.0,0.0
18,Indiana,2019,5751.0,5767.0,24082.0,24082.0,0.0,24082.0,0.0,0.0,0.0
18,Indiana,2020,5357.0,5361.0,23638.0,23638.0,0.0,23638.0,0.0,0.0,0.0
19,Iowa,1994,3534.0,3556.0,14944.0,14944.0,0.0,14944.0,0.0,0.0,0.0
19,Iowa,1995,3380.0,3388.0,14733.0,14733.0,0.0,14733.0,0.0,0.0,0.0
19,Iowa,1996,3074.0,3079.0,14760.0,14760.0,0.0,14760.0,0.0,0.0,0.0
19,Iowa,1997,3313.0,3323.0,13850.0,13850.0,0.0,13850.0,0.0,0.0,0.0
19,Iowa,1998,3367.0,3375.0,15969.0,15969.0,0.0,15969.0,0.0,0.0,0.0
19,Iowa,1999,2784.0,2793.0,12012.0,12012.0,0.0,12012.0,0.0,0.0,0.0
19,Iowa,2000,2795.0,2796.0,13070.0,13070.0,0.0,13070.0,0.0,0.0,0.0
19,Iowa,2001,3238.0,3244.0,15750.0,15750.0,0.0,15750.0,0.0,0.0,0.0
19,Iowa,2002,2725.0,2744.0,12048.0,12048.0,0.0,12048.0,0.0,0.0,0.0
19,Iowa,2003,2964.0,2981.0,14330.0,14330.0,0.0,14330.0,0.0,0.0,0.0
19,Iowa,2004,3038.0,3060.0,14685.0,14685.0,0.0,14685.0,0.0,0.0,0.0
19,Iowa,2005,3170.0,3182.0,14743.0,14743.0,0.0,14743.0,0.0,0.0,0.0
19,Iowa,2006,3170.0,3217.0,14226.0,14226.0,0.0,14226.0,0.0,0.0,0.0
19,Iowa,2007,2942.0,2969.0,14296.0,14296.0,0.0,14296.0,0.0,0.0,0.0
19,Iowa,2008,2801.0,2819.0,12563.0,12563.0,0.0,12563.0,0.0,0.0,0.0
19,Iowa,2009,2559.0,2573.0,11202.0,11202.0,0.0,11202.0,0.0,0.0,0.0
19,Iowa,2010,2338.0,2350.0,10229.0,10229.0,0.0,10229.0,0.0,0.0,0.0
19,Iowa,2011,1992.0,2014.0,8637.0,8637.0,0.0,8637.0,0.0,0.0,0.0
19,Iowa,2012,2731.0,2746.0,11979.0,11979.0,0.0,11979.0,0.0,0.0,0.0
19,Iowa,2013,2739.0,2749.0,10819.0,10819.0,0.0,10819.0,0.0,0.0,0.0
19,Iowa,2014,2755.0,2766.0,11884.0,11884.0,0.0,11884.0,0.0,0.0,0.0
19,Iowa,2015,2812.0,2817.0,11217.0,11217.0,0.0,11217.0,0.0,0.0,0.0
19,Iowa,2016,2846.0,2866.0,11354.0,11354.0,0.0,11354.0,0.0,0.0,0.0
19,Iowa,2017,2779.0,2786.0,11293.0,11293.0,0.0,11293.0,0.0,0.0,0.0
19,Iowa,2018,3091.0,3100.0,12043.0,12043.0,0.0,12043.0,0.0,0.0,0.0
19,Iowa,2019,2988.0,3000.0,11199.0,11199.0,0.0,11199.0,0.0,0.0,0.0
19,Iowa,2020,2933.0,2938.0,10910.0,10910.0,0.0,10910.0,0.0,0.0,0.0
20,Kansas,1994,4308.0,4313.0,22135.0,22135.0,0.0,22135.0,0.0,0.0,0.0
20,Kansas,1995,4262.0,4266.0,21169.0,21169.0,0.0,21169.0,0.0,0.0,0.0
20,Kansas,1996,3956.0,3957.0,20642.0,20642.0,0.0,20642.0,0.0,0.0,0.0
20,Kansas,1997,4113.0,4117.0,23642.0,23642.0,0.0,23642.0,0.0,0.0,0.0
20,Kansas,1998,4034.0,4039.0,22054.0,22054.0,0.0,22054.0,0.0,0.0,0.0
20,Kansas,1999,3981.0,3986.0,20808.0,20808.0,0.0,20808.0,0.0,0.0,0.0
20,Kansas,2000,4074.0,4077.0,24406.0,24406.0,0.0,24406.0,0.0,0.0,0.0
20,Kansas,2001,4527.0,4531.0,23360.0,23360.0,0.0,23360.0,0.0,0.0,0.0
20,Kansas,2002,3294.0,3296.0,18551.0,18551.0,0.0,18551.0,0.0,0.0,0.0
20,Kansas,2003,3857.0,3858.0,20514.0,20514.0,0.0,20514.0,0.0,0.0,0.0
20,Kansas,2004,3854.0,3868.0,20189.0,20189.0,0.0,20189.0,0.0,0.0,0.0
20,Kansas,2005,3698.0,3700.0,18327.0,18327.0,0.0,18327.0,0.0,0.0,0.0
20,Kansas,2006,3447.0,3449.0,17698.0,17698.0,0.0,17698.0,0.0,0.0,0.0
20,Kansas,2007,3385.0,3385.0,17112.0,17112.0,0.0,17112.0,0.0,0.0,0.0
20,Kansas,2008,3028.0,3029.0,13794.0,13794.0,0.0,13794.0,0.0,0.0,0.0
20,Kansas,2009,2823.0,2824.0,12645.0,12645.0,0.0,12645.0,0.0,0.0,0.0
20,Kansas,2010,2555.0,2555.0,11728.0,11728.0,0.0,11728.0,0.0,0.0,0.0
20,Kansas,2011,2657.0,2665.0,12023.0,12023.0,0.0,12023.0,0.0,0.0,0.0
20,Kansas,2012,2790.0,2790.0,14791.0,14791.0,0.0,14791.0,0.0,0.0,0.0
20,Kansas,2013,2617.0,2619.0,12262.0,12262.0,0.0,12262.0,0.0,0.0,0.0
20,Kansas,2014,2887.0,2887.0,13456.0,13456.0,0.0,13456.0,0.0,0.0,0.0
20,Kansas,2015,2710.0,2710.0,13151.0,13151.0,0.0,13151.0,0.0,0.0,0.0
20,Kansas,2016,4838.0,4852.0,15628.0,15628.0,0.0,15628.0,0.0,0.0,0.0
20,Kansas,2017,3178.0,3178.0,14085.0,14085.0,0.0,14085.0,0.0,0.0,0.0
20,Kansas,2018,2768.0,2768.0,11513.0,11513.0,0.0,11513.0,0.0,0.0,0.0
20,Kansas,2019,2696.0,2700.0,11393.0,11393.0,0.0,11393.0,0.0,0.0,0.0
20,Kansas,2020,2693.0,2695.0,11616.0,11616.0,0.0,11616.0,0.0,0.0,0.0
21,Kentucky,1994,4714.0,4722.0,25089.0,25089.0,0.0,25089.0,0.0,0.0,0.0
21,Kentucky,1995,4840.0,4857.0,25820.0,25820.0,0.0,25820.0,0.0,0.0,0.0
21,Kentucky,1996,4527.0,4533.0,24288.0,24288.0,0.0,24288.0,0.0,0.0,0.0
21,Kentucky,1997,4876.0,4882.0,25608.0,25608.0,0.0,25608.0,0.0,0.0,0.0
21,Kentucky,1998,4587.0,4590.0,23550.0,23550.0,0.0,23550.0,0.0,0.0,0.0
21,Kentucky,1999,4615.0,4628.0,26240.0,26240.0,0.0,26240.0,0.0,0.0,0.0
21,Kentucky,2000,4540.0,4543.0,22650.0,22650.0,0.0,22650.0,0.0,0.0,0.0
21,Kentucky,2001,4257.0,4262.0,21407.0,21407.0,0.0,21407.0,0.0,0.0,0.0
21,Kentucky,2002,4113.0,4120.0,22021.0,22021.0,0.0,22021.0,0.0,0.0,0.0
21,Kentucky,2003,4038.0,4040.0,20615.0,20615.0,0.0,20615.0,0.0,0.0,0.0
21,Kentucky,2004,4251.0,4252.0,22125.0,22125.0,0.0,22125.0,0.0,0.0,0.0
21,Kentucky,2005,4418.0,4423.0,21596.0,21596.0,0.0,21596.0,0.0,0.0,0.0
21,Kentucky,2006,4442.0,4457.0,22522.0,22522.0,0.0,22522.0,0.0,0.0,0.0
21,Kentucky,2007,4191.0,4192.0,21708.0,21708.0,0.0,21708.0,0.0,0.0,0.0
21,Kentucky,2008,3921.0,3928.0,19657.0,19657.0,0.0,19657.0,0.0,0.0,0.0
21,Kentucky,2009,3426.0,3427.0,17438.0,17438.0,0.0,17438.0,0.0,0.0,0.0
21,Kentucky,2010,3197.0,3200.0,14138.0,14138.0,0.0,14138.0,0.0,0.0,0.0
21,Kentucky,2011,3085.0,3096.0,15321.0,15321.0,0.0,15321.0,0.0,0.0,0.0
21,Kentucky,2012,3301.0,3302.0,15110.0,15110.0,0.0,15110.0,0.0,0.0,0.0
21,Kentucky,2013,4310.0,4319.0,16447.0,16447.0,0.0,16447.0,0.0,0.0,0.0
21,Kentucky,2014,4937.0,4948.0,18374.0,18374.0,0.0,18374.0,0.0,0.0,0.0
21,Kentucky,2015,4661.0,4668.0,17853.0,17853.0,0.0,17853.0,0.0,0.0,0.0
21,Kentucky,2016,4127.0,4140.0,17410.0,17410.0,0.0,17410.0,0.0,0.0,0.0
21,Kentucky,2017,4129.0,4133.0,18362.0,18362.0,0.0,18362.0,0.0,0.0,0.0
21,Kentucky,2018,4537.0,4540.0,18905.0,18905.0,0.0,18905.0,0.0,0.0,0.0
21,Kentucky,2019,4417.0,4422.0,18096.0,18096.0,0.0,18096.0,0.0,0.0,0.0
21,Kentucky,2020,4252.0,4262.0,16594.0,16594.0,0.0,16594.0,0.0,0.0,0.0
22,Louisiana,1994,5943.0,6074.0,40228.0,40228.0,0.0,40228.0,0.0,0.0,0.0
22,Louisiana,1995,5818.0,5842.0,37100.0,37100.0,0.0,37100.0,0.0,0.0,0.0
22,Louisiana,1996,5384.0,5408.0,26370.0,26370.0,0.0,26370.0,0.0,0.0,0.0
22,Louisiana,1997,5694.0,5708.0,29691.0,29691.0,0.0,29691.0,0.0,0.0,0.0
22,Louisiana,1998,5966.0,5976.0,28750.0,28750.0,0.0,28750.0,0.0,0.0,0.0
22,Louisiana,1999,5481.0,5488.0,28587.0,28587.0,0.0,28587.0,0.0,0.0,0.0
22,Louisiana,2000,5202.0,5259.0,29554.0,29554.0,0.0,29554.0,0.0,0.0,0.0
22,Louisiana,2001,5063.0,5072.0,31448.0,31448.0,0.0,31448.0,0.0,0.0,0.0
22,Louisiana,2002,4802.0,4810.0,30214.0,30214.0,0.0,30214.0,0.0,0.0,0.0
22,Louisiana,2003,4781.0,4789.0,27738.0,27738.0,0.0,27738.0,0.0,0.0,0.0
22,Louisiana,2004,5099.0,5106.0,27784.0,27784.0,0.0,27784.0,0.0,0.0,0.0
22,Louisiana,2005,5219.0,5225.0,29667.0,29667.0,0.0,29667.0,0.0,0.0,0.0
22,Louisiana,2006,5230.0,5236.0,31532.0,31532.0,0.0,31532.0,0.0,0.0,0.0
22,Louisiana,2007,5595.0,5602.0,31934.0,31934.0,0.0,31934.0,0.0,0.0,0.0
22,Louisiana,2008,5132.0,5140.0,26699.0,26699.0,0.0,26699.0,0.0,0.0,0.0
22,Louisiana,2009,4591.0,4596.0,25439.0,25439.0,0.0,25439.0,0.0,0.0,0.0
22,Louisiana,2010,4092.0,4103.0,22760.0,22760.0,0.0,22760.0,0.0,0.0,0.0
22,Louisiana,2011,4110.0,4113.0,22283.0,22283.0,0.0,22283.0,0.0,0.0,0.0
22,Louisiana,2012,4448.0,4448.0,24711.0,24711.0,0.0,24711.0,0.0,0.0,0.0
22,Louisiana,2013,4224.0,4260.0,23351.0,23351.0,0.0,23351.0,0.0,0.0,0.0
22,Louisiana,2014,4246.0,4246.0,24835.0,24835.0,0.0,24835.0,0.0,0.0,0.0
22,Louisiana,2015,4079.0,4084.0,21200.0,21200.0,0.0,21200.0,0.0,0.0,0.0
22,Louisiana,2016,4285.0,4286.0,21986.0,21986.0,0.0,21986.0,0.0,0.0,0.0
22,Louisiana,2017,4149.0,4150.0,21385.0,21385.0,0.0,21385.0,0.0,0.0,0.0
22,Louisiana,2018,4430.0,4431.0,23418.0,23418.0,0.0,23418.0,0.0,0.0,0.0
22,Louisiana,2019,4464.0,4464.0,23437.0,23437.0,0.0,23437.0,0.0,0.0,0.0
22,Louisiana,2020,3955.0,3962.0,19767.0,19767.0,0.0,19767.0,0.0,0.0,0.0
23,Maine,1994,1757.0,1757.0,7954.0,7954.0,0.0,7954.0,0.0,0.0,0.0
23,Maine,1995,1833.0,1835.0,8427.0,8427.0,0.0,8427.0,0.0,0.0,0.0
23,Maine,1996,1831.0,1831.0,8017.0,8017.0,0.0,8017.0,0.0,0.0,0.0
23,Maine,1997,1634.0,1634.0,6661.0,6661.0,0.0,6661.0,0.0,0.0,0.0
23,Maine,1998,1995.0,1998.0,7713.0,7713.0,0.0,7713.0,0.0,0.0,0.0
23,Maine,1999,1873.0,1876.0,6826.0,6826.0,0.0,6826.0,0.0,0.0,0.0
23,Maine,2000,1918.0,1918.0,7443.0,7443.0,0.0,7443.0,0.0,0.0,0.0
23,Maine,2001,1881.0,1882.0,6680.0,6680.0,0.0,6680.0,0.0,0.0,0.0
23,Maine,2002,1948.0,1950.0,7668.0,7668.0,0.0,7668.0,0.0,0.0,0.0
23,Maine,2003,1766.0,1767.0,6899.0,6899.0,0.0,6899.0,0.0,0.0,0.0
23,Maine,2004,1816.0,1821.0,6308.0,6308.0,0.0,6308.0,0.0,0.0,0.0
23,Maine,2005,1924.0,1925.0,7187.0,7187.0,0.0,7187.0,0.0,0.0,0.0
23,Maine,2006,1944.0,1944.0,7428.0,7428.0,0.0,7428.0,0.0,0.0,0.0
23,Maine,2007,1728.0,1728.0,6261.0,6261.0,0.0,6261.0,0.0,0.0,0.0
23,Maine,2008,1622.0,1622.0,5970.0,5970.0,0.0,5970.0,0.0,0.0,0.0
23,Maine,2009,1536.0,1537.0,6078.0,6078.0,0.0,6078.0,0.0,0.0,0.0
23,Maine,2010,1271.0,1276.0,5009.0,5009.0,0.0,5009.0,0.0,0.0,0.0
23,Maine,2011,1283.0,1287.0,4709.0,4709.0,0.0,4709.0,0.0,0.0,0.0
23,Maine,2012,1293.0,1293.0,4568.0,4568.0,0.0,4568.0,0.0,0.0,0.0
23,Maine,2013,1183.0,1183.0,4287.0,4287.0,0.0,4287.0,0.0,0.0,0.0
23,Maine,2014,1247.0,1247.0,4430.0,4430.0,0.0,4430.0,0.0,0.0,0.0
23,Maine,2015,1315.0,1315.0,4476.0,4476.0,0.0,4476.0,0.0,0.0,0.0
23,Maine,2016,1444.0,1453.0,5254.0,5254.0,0.0,5254.0,0.0,0.0,0.0
23,Maine,2017,1958.0,1961.0,6131.0,6131.0,0.0,6131.0,0.0,0.0,0.0
23,Maine,2018,1581.0,1581.0,5612.0,5612.0,0.0,5612.0,0.0,0.0,0.0
23,Maine,2019,1531.0,1531.0,5792.0,5792.0,0.0,5792.0,0.0,0.0,0.0
23,Maine,2020,1666.0,1681.0,6182.0,6182.0,0.0,6182.0,0.0,0.0,0.0
24,Maryland,1994,7830.0,7853.0,33979.0,33979.0,0.0,33979.0,0.0,0.0,0.0
24,Maryland,1995,7947.0,7960.0,35335.0,35335.0,0.0,35335.0,0.0,0.0,0.0
24,Maryland,1996,7837.0,7858.0,35511.0,35511.0,0.0,35511.0,0.0,0.0,0.0
24,Maryland,1997,8271.0,8292.0,38423.0,38423.0,0.0,38423.0,0.0,0.0,0.0
24,Maryland,1998,8221.0,8236.0,37199.0,37199.0,0.0,37199.0,0.0,0.0,0.0
24,Maryland,1999,7638.0,7650.0,32605.0,32605.0,0.0,32605.0,0.0,0.0,0.0
24,Maryland,2000,7777.0,7793.0,35438.0,35438.0,0.0,35438.0,0.0,0.0,0.0
24,Maryland,2001,6356.0,6357.0,30235.0,30235.0,0.0,30235.0,0.0,0.0,0.0
24,Maryland,2002,7950.0,7953.0,36651.0,36651.0,0.0,36651.0,0.0,0.0,0.0
24,Maryland,2003,7268.0,7269.0,31691.0,31691.0,0.0,31691.0,0.0,0.0,0.0
24,Maryland,2004,7409.0,7410.0,34598.0,34598.0,0.0,34598.0,0.0,0.0,0.0
24,Maryland,2005,8124.0,8126.0,34687.0,34687.0,0.0,34687.0,0.0,0.0,0.0
24,Maryland,2006,8163.0,8165.0,33464.0,33464.0,0.0,33464.0,0.0,0.0,0.0
24,Maryland,2007,7334.0,7335.0,29115.0,29115.0,0.0,29115.0,0.0,0.0,0.0
24,Maryland,2008,6604.0,6607.0,27559.0,27559.0,0.0,27559.0,0.0,0.0,0.0
24,Maryland,2009,5583.0,5586.0,23908.0,23908.0,0.0,23908.0,0.0,0.0,0.0
24,Maryland,2010,5261.0,5266.0,23876.0,23876.0,0.0,23876.0,0.0,0.0,0.0
24,Maryland,2011,5227.0,5229.0,24451.0,24451.0,0.0,24451.0,0.0,0.0,0.0
24,Maryland,2012,5892.0,5901.0,25980.0,25980.0,0.0,25980.0,0.0,0.0,0.0
24,Maryland,2013,5665.0,5666.0,24152.0,24152.0,0.0,24152.0,0.0,0.0,0.0
24,Maryland,2014,5658.0,5658.0,24828.0,24828.0,0.0,24828.0,0.0,0.0,0.0
24,Maryland,2015,5419.0,5420.0,25655.0,25655.0,0.0,25655.0,0.0,0.0,0.0
24,Maryland,2016,6289.0,6315.0,27050.0,27050.0,0.0,27050.0,0.0,0.0,0.0
24,Maryland,2017,5901.0,5907.0,25074.0,25074.0,0.0,25074.0,0.0,0.0,0.0
24,Maryland,2018,6013.0,6013.0,24470.0,24470.0,0.0,24470.0,0.0,0.0,0.0
24,Maryland,2019,5648.0,5653.0,27210.0,27210.0,0.0,27210.0,0.0,0.0,0.0
24,Maryland,2020,5288.0,5288.0,24269.0,24269.0,0.0,24269.0,0.0,0.0,0.0
25,Massachusetts,1994,9358.0,9372.0,44418.0,44418.0,0.0,44418.0,0.0,0.0,0.0
25,Massachusetts,1995,9430.0,9447.0,42925.0,42925.0,0.0,42925.0,0.0,0.0,0.0
25,Massachusetts,1996,8629.0,8645.0,41654.0,41654.0,0.0,41654.0,0.0,0.0,0.0
25,Massachusetts,1997,9233.0,9253.0,41373.0,41373.0,0.0,41373.0,0.0,0.0,0.0
25,Massachusetts,1998,8816.0,8824.0,42390.0,42390.0,0.0,42390.0,0.0,0.0,0.0
25,Massachusetts,1999,9160.0,9162.0,36978.0,36978.0,0.0,36978.0,0.0,0.0,0.0
25,Massachusetts,2000,8461.0,8466.0,47035.0,47035.0,0.0,47035.0,0.0,0.0,0.0
25,Massachusetts,2001,9016.0,9031.0,41218.0,41218.0,0.0,41218.0,0.0,0.0,0.0
25,Massachusetts,2002,8621.0,8622.0,34404.0,34404.0,0.0,34404.0,0.0,0.0,0.0
25,Massachusetts,2003,8975.0,8976.0,36452.0,36452.0,0.0,36452.0,0.0,0.0,0.0
25,Massachusetts,2004,8758.0,8763.0,33249.0,33249.0,0.0,33249.0,0.0,0.0,0.0
25,Massachusetts,2005,8626.0,8653.0,36444.0,36444.0,0.0,36444.0,0.0,0.0,0.0
25,Massachusetts,2006,8448.0,8448.0,30716.0,30716.0,0.0,30716.0,0.0,0.0,0.0
25,Massachusetts,2007,8268.0,8285.0,29542.0,29542.0,0.0,29542.0,0.0,0.0,0.0
25,Massachusetts,2008,8167.0,8182.0,27870.0,27870.0,0.0,27870.0,0.0,0.0,0.0
25,Massachusetts,2009,6872.0,6872.0,24356.0,24356.0,0.0,24356.0,0.0,0.0,0.0
25,Massachusetts,2010,7247.0,7275.0,26779.0,26779.0,0.0,26779.0,0.0,0.0,0.0
25,Massachusetts,2011,8290.0,8295.0,29981.0,29981.0,0.0,29981.0,0.0,0.0,0.0
25,Massachusetts,2012,10187.0,10194.0,34843.0,34843.0,0.0,34843.0,0.0,0.0,0.0
25,Massachusetts,2013,10031.0,10031.0,32980.0,32980.0,0.0,32980.0,0.0,0.0,0.0
25,Massachusetts,2014,10952.0,10952.0,36392.0,36392.0,0.0,36392.0,0.0,0.0,0.0
25,Massachusetts,2015,13481.0,13486.0,39540.0,39540.0,0.0,39540.0,0.0,0.0,0.0
25,Massachusetts,2016,12282.0,12294.0,36231.0,36231.0,0.0,36231.0,0.0,0.0,0.0
25,Massachusetts,2017,13798.0,13798.0,41796.0,41796.0,0.0,41796.0,0.0,0.0,0.0
25,Massachusetts,2018,13012.0,13012.0,40489.0,40489.0,0.0,40489.0,0.0,0.0,0.0
25,Massachusetts,2019,13938.0,13939.0,38803.0,38803.0,0.0,38803.0,0.0,0.0,0.0
25,Massachusetts,2020,12313.0,12314.0,35368.0,35368.0,0.0,35368.0,0.0,0.0,0.0
26,Michigan,1994,10770.0,10798.0,56938.0,56938.0,0.0,56938.0,0.0,0.0,0.0
26,Michigan,1995,11884.0,11940.0,72048.0,72048.0,0.0,72048.0,0.0,0.0,0.0
26,Michigan,1996,15242.0,15280.0,86582.0,86582.0,0.0,86582.0,0.0,0.0,0.0
26,Michigan,1997,13124.0,13149.0,80538.0,80538.0,0.0,80538.0,0.0,0.0,0.0
26,Michigan,1998,12081.0,12128.0,70563.0,70563.0,0.0,70563.0,0.0,0.0,0.0
26,Michigan,1999,8618.0,8623.0,53683.0,53683.0,0.0,53683.0,0.0,0.0,0.0
26,Michigan,2000,13323.0,13333.0,89245.0,89245.0,0.0,89245.0,0.0,0.0,0.0
26,Michigan,2001,11579.0,11582.0,63868.0,63868.0,0.0,63868.0,0.0,0.0,0.0
26,Michigan,2002,11761.0,11764.0,77641.0,77641.0,0.0,77641.0,0.0,0.0,0.0
26,Michigan,2003,11920.0,11927.0,67574.0,67574.0,0.0,67574.0,0.0,0.0,0.0
26,Michigan,2004,11906.0,11914.0,69119.0,69119.0,0.0,69119.0,0.0,0.0,0.0
26,Michigan,2005,12482.0,12515.0,67447.0,67447.0,0.0,67447.0,0.0,0.0,0.0
26,Michigan,2006,12043.0,12062.0,61778.0,61778.0,0.0,61778.0,0.0,0.0,0.0
26,Michigan,2007,10856.0,10871.0,49695.0,49695.0,0.0,49695.0,0.0,0.0,0.0
26,Michigan,2008,10401.0,10407.0,49268.0,49268.0,0.0,49268.0,0.0,0.0,0.0
26,Michigan,2009,7583.0,7590.0,36762.0,36762.0,0.0,36762.0,0.0,0.0,0.0
26,Michigan,2010,9246.0,9253.0,44167.0,44167.0,0.0,44167.0,0.0,0.0,0.0
26,Michigan,2011,7428.0,7431.0,34544.0,34544.0,0.0,34544.0,0.0,0.0,0.0
26,Michigan,2012,8514.0,8522.0,39198.0,39198.0,0.0,39198.0,0.0,0.0,0.0
26,Michigan,2013,8713.0,8714.0,41039.0,41039.0,0.0,41039.0,0.0,0.0,0.0
26,Michigan,2014,10317.0,10325.0,45383.0,45383.0,0.0,45383.0,0.0,0.0,0.0
26,Michigan,2015,10325.0,10329.0,42867.0,42867.0,0.0,42867.0,0.0,0.0,0.0
26,Michigan,2016,9878.0,9881.0,43115.0,43115.0,0.0,43115.0,0.0,0.0,0.0
26,Michigan,2017,9706.0,9708.0,41923.0,41923.0,0.0,41923.0,0.0,0.0,0.0
26,Michigan,2018,9642.0,9648.0,43033.0,43033.0,0.0,43033.0,0.0,0.0,0.0
26,Michigan,2019,10194.0,10197.0,41717.0,41717.0,0.0,41717.0,0.0,0.0,0.0
26,Michigan,2020,8852.0,8888.0,41506.0,41506.0,0.0,41506.0,0.0,0.0,0.0
27,Minnesota,1994,6762.0,6848.0,32206.0,32206.0,0.0,32206.0,0.0,0.0,0.0
27,Minnesota,1995,6490.0,6535.0,29394.0,29394.0,0.0,29394.0,0.0,0.0,0.0
27,Minnesota,1996,6911.0,6949.0,29148.0,29148.0,0.0,29148.0,0.0,0.0,0.0
27,Minnesota,1997,6550.0,6586.0,26714.0,26714.0,0.0,26714.0,0.0,0.0,0.0
27,Minnesota,1998,7047.0,7086.0,29061.0,29061.0,0.0,29061.0,0.0,0.0,0.0
27,Minnesota,1999,5352.0,5379.0,24767.0,24767.0,0.0,24767.0,0.0,0.0,0.0
27,Minnesota,2000,5721.0,5758.0,28870.0,28870.0,0.0,28870.0,0.0,0.0,0.0
27,Minnesota,2001,6840.0,6868.0,31785.0,31785.0,0.0,31785.0,0.0,0.0,0.0
27,Minnesota,2002,4867.0,4897.0,30157.0,30157.0,0.0,30157.0,0.0,0.0,0.0
27,Minnesota,2003,6744.0,6787.0,33864.0,33864.0,0.0,33864.0,0.0,0.0,0.0
27,Minnesota,2004,6788.0,6826.0,32389.0,32389.0,0.0,32389.0,0.0,0.0,0.0
27,Minnesota,2005,6883.0,6911.0,35043.0,35043.0,0.0,35043.0,0.0,0.0,0.0
27,Minnesota,2006,7939.0,7959.0,42792.0,42792.0,0.0,42792.0,0.0,0.0,0.0
27,Minnesota,2007,6474.0,6478.0,30550.0,30550.0,0.0,30550.0,0.0,0.0,0.0
27,Minnesota,2008,9239.0,9251.0,42313.0,42313.0,0.0,42313.0,0.0,0.0,0.0
27,Minnesota,2009,3898.0,3912.0,19683.0,19683.0,0.0,19683.0,0.0,0.0,0.0
27,Minnesota,2010,5471.0,5484.0,25074.0,25074.0,0.0,25074.0,0.0,0.0,0.0
27,Minnesota,2011,5100.0,5107.0,25052.0,25052.0,0.0,25052.0,0.0,0.0,0.0
27,Minnesota,2012,5221.0,5227.0,24634.0,24634.0,0.0,24634.0,0.0,0.0,0.0
27,Minnesota,2013,4953.0,4969.0,24399.0,24399.0,0.0,24399.0,0.0,0.0,0.0
27,Minnesota,2014,3897.0,3914.0,19324.0,19324.0,0.0,19324.0,0.0,0.0,0.0
27,Minnesota,2015,6161.0,6179.0,30256.0,30256.0,0.0,30256.0,0.0,0.0,0.0
27,Minnesota,2016,5587.0,5601.0,25835.0,25835.0,0.0,25835.0,0.0,0.0,0.0
27,Minnesota,2017,5442.0,5457.0,23821.0,23821.0,0.0,23821.0,0.0,0.0,0.0
27,Minnesota,2018,5559.0,5561.0,23749.0,23749.0,0.0,23749.0,0.0,0.0,0.0
27,Minnesota,2019,5558.0,5558.0,21364.0,21364.0,0.0,21364.0,0.0,0.0,0.0
27,Minnesota,2020,5539.0,5551.0,20358.0,20358.0,0.0,20358.0,0.0,0.0,0.0
28,Mississippi,1994,3282.0,3303.0,29310.0,29310.0,0.0,29310.0,0.0,0.0,0.0
28,Mississippi,1995,2861.0,2884.0,16121.0,16121.0,0.0,16121.0,0.0,0.0,0.0
28,Mississippi,1996,3437.0,3443.0,17336.0,17336.0,0.0,17336.0,0.0,0.0,0.0
28,Mississippi,1997,3150.0,3155.0,14161.0,14161.0,0.0,14161.0,0.0,0.0,0.0
28,Mississippi,1998,3230.0,3235.0,15284.0,15284.0,0.0,15284.0,0.0,0.0,0.0
28,Mississippi,1999,3344.0,3372.0,15629.0,15629.0,0.0,15629.0,0.0,0.0,0.0
28,Mississippi,2000,3021.0,3042.0,14985.0,14985.0,0.0,14985.0,0.0,0.0,0.0
28,Mississippi,2001,2910.0,2917.0,15329.0,15329.0,0.0,15329.0,0.0,0.0,0.0
28,Mississippi,2002,2768.0,2772.0,12803.0,12803.0,0.0,12803.0,0.0,0.0,0.0
28,Mississippi,2003,2769.0,2775.0,12914.0,12914.0,0.0,12914.0,0.0,0.0,0.0
28,Mississippi,2004,2882.0,2889.0,13535.0,13535.0,0.0,13535.0,0.0,0.0,0.0
28,Mississippi,2005,2991.0,2996.0,13295.0,13295.0,0.0,13295.0,0.0,0.0,0.0
28,Mississippi,2006,2997.0,3007.0,14930.0,14930.0,0.0,14930.0,0.0,0.0,0.0
28,Mississippi,2007,3179.0,3201.0,15526.0,15526.0,0.0,15526.0,0.0,0.0,0.0
28,Mississippi,2008,2911.0,2923.0,14232.0,14232.0,0.0,14232.0,0.0,0.0,0.0
28,Mississippi,2009,2364.0,2365.0,12224.0,12224.0,0.0,12224.0,0.0,0.0,0.0
28,Mississippi,2010,2184.0,2184.0,11366.0,11366.0,0.0,11366.0,0.0,0.0,0.0
28,Mississippi,2011,2251.0,2256.0,11762.0,11762.0,0.0,11762.0,0.0,0.0,0.0
28,Mississippi,2012,2258.0,2260.0,11666.0,11666.0,0.0,11666.0,0.0,0.0,0.0
28,Mississippi,2013,2220.0,2221.0,11328.0,11328.0,0.0,11328.0,0.0,0.0,0.0
28,Mississippi,2014,2192.0,2194.0,11363.0,11363.0,0.0,11363.0,0.0,0.0,0.0
28,Mississippi,2015,2271.0,2272.0,11491.0,11491.0,0.0,11491.0,0.0,0.0,0.0
28,Mississippi,2016,2367.0,2373.0,12373.0,12373.0,0.0,12373.0,0.0,0.0,0.0
28,Mississippi,2017,2257.0,2258.0,10998.0,10998.0,0.0,10998.0,0.0,0.0,0.0
28,Mississippi,2018,2292.0,2293.0,11166.0,11166.0,0.0,11166.0,0.0,0.0,0.0
28,Mississippi,2019,2229.0,2255.0,11281.0,11281.0,0.0,11281.0,0.0,0.0,0.0
28,Mississippi,2020,2205.0,2208.0,11561.0,11561.0,0.0,11561.0,0.0,0.0,0.0
29,Missouri,1994,7590.0,7606.0,36733.0,36733.0,0.0,36733.0,0.0,0.0,0.0
29,Missouri,1995,7484.0,7523.0,34931.0,34931.0,0.0,34931.0,0.0,0.0,0.0
29,Missouri,1996,6619.0,6663.0,30314.0,30314.0,0.0,30314.0,0.0,0.0,0.0
29,Missouri,1997,7956.0,7974.0,44176.0,44176.0,0.0,44176.0,0.0,0.0,0.0
29,Missouri,1998,7207.0,7229.0,32769.0,32769.0,0.0,32769.0,0.0,0.0,0.0
29,Missouri,1999,6730.0,6751.0,30618.0,30618.0,0.0,30618.0,0.0,0.0,0.0
29,Missouri,2000,6922.0,6962.0,33452.0,33452.0,0.0,33452.0,0.0,0.0,0.0
29,Missouri,2001,6305.0,6322.0,31508.0,31508.0,0.0,31508.0,0.0,0.0,0.0
29,Missouri,2002,6576.0,6601.0,32900.0,32900.0,0.0,32900.0,0.0,0.0,0.0
29,Missouri,2003,7336.0,7347.0,34395.0,34395.0,0.0,34395.0,0.0,0.0,0.0
29,Missouri,2004,7000.0,7017.0,32290.0,32290.0,0.0,32290.0,0.0,0.0,0.0
29,Missouri,2005,7487.0,7504.0,34228.0,34228.0,0.0,34228.0,0.0,0.0,0.0
29,Missouri,2006,7813.0,7818.0,36343.0,36343.0,0.0,36343.0,0.0,0.0,0.0
29,Missouri,2007,7780.0,7802.0,33617.0,33617.0,0.0,33617.0,0.0,0.0,0.0
29,Missouri,2008,6944.0,6959.0,31475.0,31475.0,0.0,31475.0,0.0,0.0,0.0
29,Missouri,2009,6513.0,6523.0,25767.0,25767.0,0.0,25767.0,0.0,0.0,0.0
29,Missouri,2010,5742.0,5751.0,22376.0,22376.0,0.0,22376.0,0.0,0.0,0.0
29,Missouri,2011,7819.0,7839.0,27202.0,27202.0,0.0,27202.0,0.0,0.0,0.0
29,Missouri,2012,7850.0,7869.0,28680.0,28680.0,0.0,28680.0,0.0,0.0,0.0
29,Missouri,2013,9357.0,9364.0,32219.0,32219.0,0.0,32219.0,0.0,0.0,0.0
29,Missouri,2014,7684.0,7693.0,24896.0,24896.0,0.0,24896.0,0.0,0.0,0.0
29,Missouri,2015,9735.0,9741.0,27790.0,27790.0,0.0,27790.0,0.0,0.0,0.0
29,Missouri,2016,10148.0,10166.0,29090.0,29090.0,0.0,29090.0,0.0,0.0,0.0
29,Missouri,2017,10791.0,10857.0,31680.0,31680.0,0.0,31680.0,0.0,0.0,0.0
29,Missouri,2018,11651.0,11662.0,34579.0,34579.0,0.0,34579.0,0.0,0.0,0.0
29,Missouri,2019,10570.0,10621.0,32667.0,32667.0,0.0,32667.0,0.0,0.0,0.0
29,Missouri,2020,10821.0,10902.0,31149.0,31149.0,0.0,31149.0,0.0,0.0,0.0
30,Montana,1994,1776.0,1776.0,7048.0,7048.0,0.0,7048.0,0.0,0.0,0.0
30,Montana,1995,1913.0,1913.0,7366.0,7366.0,0.0,7366.0,0.0,0.0,0.0
30,Montana,1996,1776.0,1777.0,6443.0,6443.0,0.0,6443.0,0.0,0.0,0.0
30,Montana,1997,1620.0,1620.0,5608.0,5608.0,0.0,5608.0,0.0,0.0,0.0
30,Montana,1998,2066.0,2068.0,8531.0,8531.0,0.0,8531.0,0.0,0.0,0.0
30,Montana,1999,1563.0,1563.0,5320.0,5320.0,0.0,5320.0,0.0,0.0,0.0
30,Montana,2000,1494.0,1494.0,5152.0,5152.0,0.0,5152.0,0.0,0.0,0.0
30,Montana,2001,1679.0,1679.0,5838.0,5838.0,0.0,5838.0,0.0,0.0,0.0
30,Montana,2002,1633.0,1633.0,5949.0,5949.0,0.0,5949.0,0.0,0.0,0.0
30,Montana,2003,1736.0,1740.0,5905.0,5905.0,0.0,5905.0,0.0,0.0,0.0
30,Montana,2004,1977.0,1977.0,6761.0,6761.0,0.0,6761.0,0.0,0.0,0.0
30,Montana,2005,2092.0,2092.0,6926.0,6926.0,0.0,6926.0,0.0,0.0,0.0
30,Montana,2006,2068.0,2077.0,7104.0,7104.0,0.0,7104.0,0.0,0.0,0.0
30,Montana,2007,2039.0,2040.0,6319.0,6319.0,0.0,6319.0,0.0,0.0,0.0
30,Montana,2008,1767.0,1767.0,6018.0,6018.0,0.0,6018.0,0.0,0.0,0.0
30,Montana,2009,1329.0,1329.0,4073.0,4073.0,0.0,4073.0,0.0,0.0,0.0
30,Montana,2010,1166.0,1166.0,3999.0,3999.0,0.0,3999.0,0.0,0.0,0.0
30,Montana,2011,1269.0,1269.0,4039.0,4039.0,0.0,4039.0,0.0,0.0,0.0
30,Montana,2012,1307.0,1307.0,4146.0,4146.0,0.0,4146.0,0.0,0.0,0.0
30,Montana,2013,1371.0,1372.0,4556.0,4556.0,0.0,4556.0,0.0,0.0,0.0
30,Montana,2014,1378.0,1378.0,4603.0,4603.0,0.0,4603.0,0.0,0.0,0.0
30,Montana,2015,1524.0,1524.0,5026.0,5026.0,0.0,5026.0,0.0,0.0,0.0
30,Montana,2016,1495.0,1496.0,4957.0,4957.0,0.0,4957.0,0.0,0.0,0.0
30,Montana,2017,1638.0,1638.0,4884.0,4884.0,0.0,4884.0,0.0,0.0,0.0
30,Montana,2018,1732.0,1732.0,4969.0,4969.0,0.0,4969.0,0.0,0.0,0.0
30,Montana,2019,2017.0,2017.0,5724.0,5724.0,0.0,5724.0,0.0,0.0,0.0
30,Montana,2020,1974.0,1974.0,6016.0,6016.0,0.0,6016.0,0.0,0.0,0.0
31,Nebraska,1994,2313.0,2318.0,10251.0,10251.0,0.0,10251.0,0.0,0.0,0.0
31,Nebraska,1995,2216.0,2216.0,9744.0,9744.0,0.0,9744.0,0.0,0.0,0.0
31,Nebraska,1996,2208.0,2212.0,10375.0,10375.0,0.0,10375.0,0.0,0.0,0.0
31,Nebraska,1997,2217.0,2218.0,9007.0,9007.0,0.0,9007.0,0.0,0.0,0.0
31,Nebraska,1998,2205.0,2205.0,9060.0,9060.0,0.0,9060.0,0.0,0.0,0.0
31,Nebraska,1999,2095.0,2095.0,8511.0,8511.0,0.0,8511.0,0.0,0.0,0.0
31,Nebraska,2000,2168.0,2168.0,10172.0,10172.0,0.0,10172.0,0.0,0.0,0.0
31,Nebraska,2001,2109.0,2109.0,9202.0,9202.0,0.0,9202.0,0.0,0.0,0.0
31,Nebraska,2002,2117.0,2122.0,9163.0,9163.0,0.0,9163.0,0.0,0.0,0.0
31,Nebraska,2003,2015.0,2019.0,8832.0,8832.0,0.0,8832.0,0.0,0.0,0.0
31,Nebraska,2004,2164.0,2164.0,9174.0,9174.0,0.0,9174.0,0.0,0.0,0.0
31,Nebraska,2005,2241.0,2241.0,9075.0,9075.0,0.0,9075.0,0.0,0.0,0.0
31,Nebraska,2006,2245.0,2251.0,9331.0,9331.0,0.0,9331.0,0.0,0.0,0.0
31,Nebraska,2007,2077.0,2079.0,8311.0,8311.0,0.0,8311.0,0.0,0.0,0.0
31,Nebraska,2008,1990.0,1992.0,8081.0,8081.0,0.0,8081.0,0.0,0.0,0.0
31,Nebraska,2009,1793.0,1796.0,7374.0,7374.0,0.0,7374.0,0.0,0.0,0.0
31,Nebraska,2010,1665.0,1670.0,6359.0,6359.0,0.0,6359.0,0.0,0.0,0.0
31,Nebraska,2011,1821.0,1825.0,7739.0,7739.0,0.0,7739.0,0.0,0.0,0.0
31,Nebraska,2012,6031.0,6031.0,12277.0,12277.0,0.0,12277.0,0.0,0.0,0.0
31,Nebraska,2013,3471.0,3478.0,9052.0,9052.0,0.0,9052.0,0.0,0.0,0.0
31,Nebraska,2014,3096.0,3096.0,9936.0,9936.0,0.0,9936.0,0.0,0.0,0.0
31,Nebraska,2015,2876.0,2877.0,9414.0,9414.0,0.0,9414.0,0.0,0.0,0.0
31,Nebraska,2016,2939.0,2946.0,8700.0,8700.0,0.0,8700.0,0.0,0.0,0.0
31,Nebraska,2017,2876.0,2879.0,9795.0,9795.0,0.0,9795.0,0.0,0.0,0.0
31,Nebraska,2018,2761.0,2762.0,9409.0,9409.0,0.0,9409.0,0.0,0.0,0.0
31,Nebraska,2019,2777.0,2787.0,9715.0,9715.0,0.0,9715.0,0.0,0.0,0.0
31,Nebraska,2020,2633.0,2634.0,9609.0,9609.0,0.0,9609.0,0.0,0.0,0.0
32,Nevada,1994,3015.0,3033.0,17677.0,17677.0,0.0,17677.0,0.0,0.0,0.0
32,Nevada,1995,3049.0,3052.0,23508.0,23508.0,0.0,23508.0,0.0,0.0,0.0
32,Nevada,1996,3103.0,3120.0,20116.0,20116.0,0.0,20116.0,0.0,0.0,0.0
32,Nevada,1997,3456.0,3460.0,21860.0,21860.0,0.0,21860.0,0.0,0.0,0.0
32,Nevada,1998,3446.0,3448.0,20722.0,20722.0,0.0,20722.0,0.0,0.0,0.0
32,Nevada,1999,3460.0,3470.0,30696.0,30696.0,0.0,30696.0,0.0,0.0,0.0
32,Nevada,2000,3500.0,3503.0,20869.0,20869.0,0.0,20869.0,0.0,0.0,0.0
32,Nevada,2001,3532.0,3537.0,19217.0,19217.0,0.0,19217.0,0.0,0.0,0.0
32,Nevada,2002,3283.0,3288.0,17774.0,17774.0,0.0,17774.0,0.0,0.0,0.0
32,Nevada,2003,3614.0,3616.0,19057.0,19057.0,0.0,19057.0,0.0,0.0,0.0
32,Nevada,2004,3963.0,3970.0,20683.0,20683.0,0.0,20683.0,0.0,0.0,0.0
32,Nevada,2005,4193.0,4208.0,20753.0,20753.0,0.0,20753.0,0.0,0.0,0.0
32,Nevada,2006,4411.0,4414.0,21951.0,21951.0,0.0,21951.0,0.0,0.0,0.0
32,Nevada,2007,4093.0,4098.0,18411.0,18411.0,0.0,18411.0,0.0,0.0,0.0
32,Nevada,2008,3651.0,3657.0,19221.0,19221.0,0.0,19221.0,0.0,0.0,0.0
32,Nevada,2009,2982.0,2989.0,13595.0,13595.0,0.0,13595.0,0.0,0.0,0.0
32,Nevada,2010,2670.0,2673.0,13088.0,13088.0,0.0,13088.0,0.0,0.0,0.0
32,Nevada,2011,2822.0,2823.0,13441.0,13441.0,0.0,13441.0,0.0,0.0,0.0
32,Nevada,2012,2937.0,2937.0,12636.0,12636.0,0.0,12636.0,0.0,0.0,0.0
32,Nevada,2013,3104.0,3104.0,13014.0,13014.0,0.0,13014.0,0.0,0.0,0.0
32,Nevada,2014,3400.0,3402.0,15867.0,15867.0,0.0,15867.0,0.0,0.0,0.0
32,Nevada,2015,3407.0,3409.0,15022.0,15022.0,0.0,15022.0,0.0,0.0,0.0
32,Nevada,2016,3671.0,3674.0,16295.0,16295.0,0.0,16295.0,0.0,0.0,0.0
32,Nevada,2017,3867.0,3877.0,19519.0,19519.0,0.0,19519.0,0.0,0.0,0.0
32,Nevada,2018,4082.0,4086.0,19319.0,19319.0,0.0,19319.0,0.0,0.0,0.0
32,Nevada,2019,4224.0,4226.0,19390.0,19390.0,0.0,19390.0,0.0,0.0,0.0
32,Nevada,2020,4199.0,4208.0,17188.0,17188.0,0.0,17188.0,0.0,0.0,0.0
33,New Hampshire,1994,2164.0,2166.0,8879.0,8879.0,0.0,8879.0,0.0,0.0,0.0
33,New Hampshire,1995,2082.0,2086.0,9860.0,9860.0,0.0,9860.0,0.0,0.0,0.0
33,New Hampshire,1996,2217.0,2218.0,8598.0,8598.0,0.0,8598.0,0.0,0.0,0.0
33,New Hampshire,1997,2086.0,2088.0,8774.0,8774.0,0.0,8774.0,0.0,0.0,0.0
33,New Hampshire,1998,1956.0,1958.0,7325.0,7325.0,0.0,7325.0,0.0,0.0,0.0
33,New Hampshire,1999,1892.0,1892.0,7806.0,7806.0,0.0,7806.0,0.0,0.0,0.0
33,New Hampshire,2000,1811.0,1816.0,7836.0,7836.0,0.0,7836.0,0.0,0.0,0.0
33,New Hampshire,2001,1833.0,1838.0,7251.0,7251.0,0.0,7251.0,0.0,0.0,0.0
33,New Hampshire,2002,1602.0,1605.0,6553.0,6553.0,0.0,6553.0,0.0,0.0,0.0
33,New Hampshire,2003,1666.0,1666.0,6305.0,6305.0,0.0,6305.0,0.0,0.0,0.0
33,New Hampshire,2004,1866.0,1869.0,6761.0,6761.0,0.0,6761.0,0.0,0.0,0.0
33,New Hampshire,2005,1795.0,1795.0,7077.0,7077.0,0.0,7077.0,0.0,0.0,0.0
33,New Hampshire,2006,1891.0,1891.0,7094.0,7094.0,0.0,7094.0,0.0,0.0,0.0
33,New Hampshire,2007,1629.0,1629.0,5740.0,5740.0,0.0,5740.0,0.0,0.0,0.0
33,New Hampshire,2008,1439.0,1439.0,5369.0,5369.0,0.0,5369.0,0.0,0.0,0.0
33,New Hampshire,2009,1291.0,1291.0,4394.0,4394.0,0.0,4394.0,0.0,0.0,0.0
33,New Hampshire,2010,1176.0,1177.0,4613.0,4613.0,0.0,4613.0,0.0,0.0,0.0
33,New Hampshire,2011,1206.0,1206.0,4230.0,4230.0,0.0,4230.0,0.0,0.0,0.0
33,New Hampshire,2012,1274.0,1274.0,4732.0,4732.0,0.0,4732.0,0.0,0.0,0.0
33,New Hampshire,2013,1226.0,1226.0,4642.0,4642.0,0.0,4642.0,0.0,0.0,0.0
33,New Hampshire,2014,1194.0,1194.0,4027.0,4027.0,0.0,4027.0,0.0,0.0,0.0
33,New Hampshire,2015,1294.0,1294.0,4595.0,4595.0,0.0,4595.0,0.0,0.0,0.0
33,New Hampshire,2016,1329.0,1329.0,4944.0,4944.0,0.0,4944.0,0.0,0.0,0.0
33,New Hampshire,2017,1279.0,1279.0,4559.0,4559.0,0.0,4559.0,0.0,0.0,0.0
33,New Hampshire,2018,1363.0,1366.0,5063.0,5063.0,0.0,5063.0,0.0,0.0,0.0
33,New Hampshire,2019,1353.0,1354.0,5079.0,5079.0,0.0,5079.0,0.0,0.0,0.0
33,New Hampshire,2020,1394.0,1395.0,5052.0,5052.0,0.0,5052.0,0.0,0.0,0.0
34,New Jersey,1994,12183.0,12224.0,56334.0,56334.0,0.0,56334.0,0.0,0.0,0.0
34,New Jersey,1995,14719.0,14793.0,71287.0,71287.0,0.0,71287.0,0.0,0.0,0.0
34,New Jersey,1996,15911.0,15981.0,73515.0,73515.0,0.0,73515.0,0.0,0.0,0.0
34,New Jersey,1997,12932.0,13006.0,59545.0,59545.0,0.0,59545.0,0.0,0.0,0.0
34,New Jersey,1998,16070.0,16148.0,80575.0,80575.0,0.0,80575.0,0.0,0.0,0.0
34,New Jersey,1999,16919.0,16938.0,87968.0,87968.0,0.0,87968.0,0.0,0.0,0.0
34,New Jersey,2000,18473.0,18481.0,88365.0,88365.0,0.0,88365.0,0.0,0.0,0.0
34,New Jersey,2001,15221.0,15241.0,72546.0,72546.0,0.0,72546.0,0.0,0.0,0.0
34,New Jersey,2002,15043.0,15049.0,70766.0,70766.0,0.0,70766.0,0.0,0.0,0.0
34,New Jersey,2003,15647.0,15647.0,66767.0,66767.0,0.0,66767.0,0.0,0.0,0.0
34,New Jersey,2004,15295.0,15302.0,64422.0,64422.0,0.0,64422.0,0.0,0.0,0.0
34,New Jersey,2005,16760.0,16772.0,70855.0,70855.0,0.0,70855.0,0.0,0.0,0.0
34,New Jersey,2006,18186.0,18197.0,71582.0,71582.0,0.0,71582.0,0.0,0.0,0.0
34,New Jersey,2007,15849.0,15858.0,61033.0,61033.0,0.0,61033.0,0.0,0.0,0.0
34,New Jersey,2008,14737.0,14746.0,59795.0,59795.0,0.0,59795.0,0.0,0.0,0.0
34,New Jersey,2009,12944.0,12951.0,47311.0,47311.0,0.0,47311.0,0.0,0.0,0.0
34,New Jersey,2010,12901.0,12906.0,51742.0,51742.0,0.0,51742.0,0.0,0.0,0.0
34,New Jersey,2011,13260.0,13267.0,50993.0,50993.0,0.0,50993.0,0.0,0.0,0.0
34,New Jersey,2012,13391.0,13394.0,52612.0,52612.0,0.0,52612.0,0.0,0.0,0.0
34,New Jersey,2013,13230.0,13235.0,54103.0,54103.0,0.0,54103.0,0.0,0.0,0.0
34,New Jersey,2014,12991.0,13005.0,53156.0,53156.0,0.0,53156.0,0.0,0.0,0.0
34,New Jersey,2015,12454.0,12457.0,55740.0,55740.0,0.0,55740.0,0.0,0.0,0.0
34,New Jersey,2016,14974.0,14996.0,59111.0,59111.0,0.0,59111.0,0.0,0.0,0.0
34,New Jersey,2017,14398.0,14400.0,49819.0,49819.0,0.0,49819.0,0.0,0.0,0.0
34,New Jersey,2018,12623.0,12623.0,47388.0,47388.0,0.0,47388.0,0.0,0.0,0.0
34,New Jersey,2019,13085.0,13091.0,50940.0,50940.0,0.0,50940.0,0.0,0.0,0.0
34,New Jersey,2020,17256.0,17261.0,59435.0,59435.0,0.0,59435.0,0.0,0.0,0.0
35,New Mexico,1994,2921.0,2930.0,14115.0,14115.0,0.0,14115.0,0.0,0.0,0.0
35,New Mexico,1995,3639.0,3642.0,20052.0,20052.0,0.0,20052.0,0.0,0.0,0.0
35,New Mexico,1996,2808.0,2814.0,13745.0,13745.0,0.0,13745.0,0.0,0.0,0.0
35,New Mexico,1997,2708.0,2716.0,14850.0,14850.0,0.0,14850.0,0.0,0.0,0.0
35,New Mexico,1998,2738.0,2743.0,14459.0,14459.0,0.0,14459.0,0.0,0.0,0.0
35,New Mexico,1999,2445.0,2453.0,12162.0,12162.0,0.0,12162.0,0.0,0.0,0.0
35,New Mexico,2000,2428.0,2429.0,11116.0,11116.0,0.0,11116.0,0.0,0.0,0.0
35,New Mexico,2001,2521.0,2525.0,10934.0,10934.0,0.0,10934.0,0.0,0.0,0.0
35,New Mexico,2002,2263.0,2269.0,10851.0,10851.0,0.0,10851.0,0.0,0.0,0.0
35,New Mexico,2003,2311.0,2318.0,12112.0,12112.0,0.0,12112.0,0.0,0.0,0.0
35,New Mexico,2004,2507.0,2516.0,11947.0,11947.0,0.0,11947.0,0.0,0.0,0.0
35,New Mexico,2005,2610.0,2614.0,12084.0,12084.0,0.0,12084.0,0.0,0.0,0.0
35,New Mexico,2006,2879.0,2894.0,12807.0,12807.0,0.0,12807.0,0.0,0.0,0.0
35,New Mexico,2007,2835.0,2842.0,23229.0,23229.0,0.0,23229.0,0.0,0.0,0.0
35,New Mexico,2008,2793.0,2800.0,11971.0,11971.0,0.0,11971.0,0.0,0.0,0.0
35,New Mexico,2009,2378.0,2380.0,9686.0,9686.0,0.0,9686.0,0.0,0.0,0.0
35,New Mexico,2010,1965.0,1972.0,8282.0,8282.0,0.0,8282.0,0.0,0.0,0.0
35,New Mexico,2011,1980.0,1980.0,8323.0,8323.0,0.0,8323.0,0.0,0.0,0.0
35,New Mexico,2012,2054.0,2055.0,8770.0,8770.0,0.0,8770.0,0.0,0.0,0.0
35,New Mexico,2013,1964.0,1964.0,7924.0,7924.0,0.0,7924.0,0.0,0.0,0.0
35,New Mexico,2014,2276.0,2276.0,10577.0,10577.0,0.0,10577.0,0.0,0.0,0.0
35,New Mexico,2015,3082.0,3082.0,9299.0,9299.0,0.0,9299.0,0.0,0.0,0.0
35,New Mexico,2016,2418.0,2418.0,8848.0,8848.0,0.0,8848.0,0.0,0.0,0.0
35,New Mexico,2017,2406.0,2406.0,8081.0,8081.0,0.0,8081.0,0.0,0.0,0.0
35,New Mexico,2018,2470.0,2470.0,8480.0,8480.0,0.0,8480.0,0.0,0.0,0.0
35,New Mexico,2019,2261.0,2261.0,8026.0,8026.0,0.0,8026.0,0.0,0.0,0.0
35,New Mexico,2020,2528.0,2528.0,8780.0,8780.0,0.0,8780.0,0.0,0.0,0.0
36,New York,1994,31655.0,31870.0,149147.0,149147.0,0.0,149147.0,0.0,0.0,0.0
36,New York,1995,32846.0,33141.0,155701.0,155701.0,0.0,155701.0,0.0,0.0,0.0
36,New York,1996,34059.0,34195.0,169408.0,169408.0,0.0,169408.0,0.0,0.0,0.0
36,New York,1997,37860.0,38038.0,194907.0,194907.0,0.0,194907.0,0.0,0.0,0.0
36,New York,1998,37789.0,37922.0,192608.0,192608.0,0.0,192608.0,0.0,0.0,0.0
36,New York,1999,42330.0,42496.0,210690.0,210690.0,0.0,210690.0,0.0,0.0,0.0
36,New York,2000,38004.0,38106.0,202306.0,202306.0,0.0,202306.0,0.0,0.0,0.0
36,New York,2001,37349.0,37392.0,178962.0,178962.0,0.0,178962.0,0.0,0.0,0.0
36,New York,2002,31582.0,31632.0,147160.0,147160.0,0.0,147160.0,0.0,0.0,0.0
36,New York,2003,30422.0,30441.0,129355.0,129355.0,0.0,129355.0,0.0,0.0,0.0
36,New York,2004,26844.0,26861.0,118508.0,118508.0,0.0,118508.0,0.0,0.0,0.0
36,New York,2005,29487.0,29512.0,124922.0,124922.0,0.0,124922.0,0.0,0.0,0.0
36,New York,2006,31313.0,31324.0,128486.0,128486.0,0.0,128486.0,0.0,0.0,0.0
36,New York,2007,31202.0,31216.0,128074.0,128074.0,0.0,128074.0,0.0,0.0,0.0
36,New York,2008,30627.0,30634.0,123394.0,123394.0,0.0,123394.0,0.0,0.0,0.0
36,New York,2009,27147.0,27156.0,108805.0,108805.0,0.0,108805.0,0.0,0.0,0.0
36,New York,2010,28220.0,28222.0,107953.0,107953.0,0.0,107953.0,0.0,0.0,0.0
36,New York,2011,32034.0,32034.0,123675.0,123675.0,0.0,123675.0,0.0,0.0,0.0
36,New York,2012,29740.0,29751.0,122749.0,122749.0,0.0,122749.0,0.0,0.0,0.0
36,New York,2013,29961.0,29971.0,123393.0,123393.0,0.0,123393.0,0.0,0.0,0.0
36,New York,2014,30255.0,30266.0,125929.0,125929.0,0.0,125929.0,0.0,0.0,0.0
36,New York,2015,31860.0,31860.0,125007.0,125007.0,0.0,125007.0,0.0,0.0,0.0
36,New York,2016,31427.0,31432.0,123231.0,123231.0,0.0,123231.0,0.0,0.0,0.0
36,New York,2017,30404.0,30411.0,123332.0,123332.0,0.0,123332.0,0.0,0.0,0.0
36,New York,2018,30289.0,30290.0,118707.0,118707.0,0.0,118707.0,0.0,0.0,0.0
36,New York,2019,28611.0,28614.0,107637.0,107637.0,0.0,107637.0,0.0,0.0,0.0
36,New York,2020,26938.0,26938.0,102449.0,102449.0,0.0,102449.0,0.0,0.0,0.0
37,North Carolina,1994,9547.0,9551.0,45407.0,45407.0,0.0,45407.0,0.0,0.0,0.0
37,North Carolina,1995,10565.0,10573.0,47171.0,47171.0,0.0,47171.0,0.0,0.0,0.0
37,North Carolina,1996,10545.0,10552.0,49855.0,49855.0,0.0,49855.0,0.0,0.0,0.0
37,North Carolina,1997,11060.0,11072.0,48830.0,48830.0,0.0,48830.0,0.0,0.0,0.0
37,North Carolina,1998,10196.0,10203.0,48025.0,48025.0,0.0,48025.0,0.0,0.0,0.0
37,North Carolina,1999,11585.0,11590.0,57958.0,57958.0,0.0,57958.0,0.0,0.0,0.0
37,North Carolina,2000,10692.0,10726.0,53205.0,53205.0,0.0,53205.0,0.0,0.0,0.0
37,North Carolina,2001,9239.0,9253.0,44505.0,44505.0,0.0,44505.0,0.0,0.0,0.0
37,North Carolina,2002,9339.0,9345.0,44427.0,44427.0,0.0,44427.0,0.0,0.0,0.0
37,North Carolina,2003,12786.0,12799.0,67830.0,67830.0,0.0,67830.0,0.0,0.0,0.0
37,North Carolina,2004,10093.0,10094.0,47221.0,47221.0,0.0,47221.0,0.0,0.0,0.0
37,North Carolina,2005,9907.0,9917.0,46152.0,46152.0,0.0,46152.0,0.0,0.0,0.0
37,North Carolina,2006,11244.0,11244.0,55224.0,55224.0,0.0,55224.0,0.0,0.0,0.0
37,North Carolina,2007,16164.0,16206.0,82750.0,82750.0,0.0,82750.0,0.0,0.0,0.0
37,North Carolina,2008,12214.0,12242.0,57614.0,57614.0,0.0,57614.0,0.0,0.0,0.0
37,North Carolina,2009,9099.0,9115.0,42072.0,42072.0,0.0,42072.0,0.0,0.0,0.0
37,North Carolina,2010,8701.0,8719.0,42810.0,42810.0,0.0,42810.0,0.0,0.0,0.0
37,North Carolina,2011,9188.0,9197.0,43035.0,43035.0,0.0,43035.0,0.0,0.0,0.0
37,North Carolina,2012,9307.0,9321.0,43100.0,43100.0,0.0,43100.0,0.0,0.0,0.0
37,North Carolina,2013,9216.0,9230.0,40693.0,40693.0,0.0,40693.0,0.0,0.0,0.0
37,North Carolina,2014,8796.0,8805.0,38191.0,38191.0,0.0,38191.0,0.0,0.0,0.0
37,North Carolina,2015,10068.0,10075.0,42386.0,42386.0,0.0,42386.0,0.0,0.0,0.0
37,North Carolina,2016,11046.0,11063.0,47823.0,47823.0,0.0,47823.0,0.0,0.0,0.0
37,North Carolina,2017,10879.0,10888.0,46485.0,46485.0,0.0,46485.0,0.0,0.0,0.0
37,North Carolina,2018,11029.0,11039.0,46737.0,46737.0,0.0,46737.0,0.0,0.0,0.0
37,North Carolina,2019,11563.0,11584.0,48570.0,48570.0,0.0,48570.0,0.0,0.0,0.0
37,North Carolina,2020,11484.0,11506.0,51880.0,51880.0,0.0,51880.0,0.0,0.0,0.0
38,North Dakota,1994,766.0,767.0,3793.0,3793.0,0.0,3793.0,0.0,0.0,0.0
38,North Dakota,1995,788.0,790.0,3013.0,3013.0,0.0,3013.0,0.0,0.0,0.0
38,North Dakota,1996,780.0,782.0,3271.0,3271.0,0.0,3271.0,0.0,0.0,0.0
38,North Dakota,1997,714.0,714.0,3947.0,3947.0,0.0,3947.0,0.0,0.0,0.0
38,North Dakota,1998,672.0,673.0,2914.0,2914.0,0.0,2914.0,0.0,0.0,0.0
38,North Dakota,1999,705.0,705.0,2812.0,2812.0,0.0,2812.0,0.0,0.0,0.0
38,North Dakota,2000,755.0,757.0,3682.0,3682.0,0.0,3682.0,0.0,0.0,0.0
38,North Dakota,2001,658.0,660.0,3510.0,3510.0,0.0,3510.0,0.0,0.0,0.0
38,North Dakota,2002,610.0,611.0,2874.0,2874.0,0.0,2874.0,0.0,0.0,0.0
38,North Dakota,2003,642.0,642.0,2390.0,2390.0,0.0,2390.0,0.0,0.0,0.0
38,North Dakota,2004,754.0,756.0,3071.0,3071.0,0.0,3071.0,0.0,0.0,0.0
38,North Dakota,2005,781.0,783.0,3691.0,3691.0,0.0,3691.0,0.0,0.0,0.0
38,North Dakota,2006,868.0,871.0,3430.0,3430.0,0.0,3430.0,0.0,0.0,0.0
38,North Dakota,2007,842.0,842.0,3766.0,3766.0,0.0,3766.0,0.0,0.0,0.0
38,North Dakota,2008,816.0,817.0,4019.0,4019.0,0.0,4019.0,0.0,0.0,0.0
38,North Dakota,2009,715.0,716.0,3110.0,3110.0,0.0,3110.0,0.0,0.0,0.0
38,North Dakota,2010,653.0,653.0,2636.0,2636.0,0.0,2636.0,0.0,0.0,0.0
38,North Dakota,2011,931.0,938.0,3609.0,3609.0,0.0,3609.0,0.0,0.0,0.0
38,North Dakota,2012,1524.0,1532.0,7047.0,7047.0,0.0,7047.0,0.0,0.0,0.0
38,North Dakota,2013,1484.0,1487.0,5912.0,5912.0,0.0,5912.0,0.0,0.0,0.0
38,North Dakota,2014,1316.0,1328.0,6030.0,6030.0,0.0,6030.0,0.0,0.0,0.0
38,North Dakota,2015,1284.0,1294.0,5734.0,5734.0,0.0,5734.0,0.0,0.0,0.0
38,North Dakota,2016,953.0,958.0,3653.0,3653.0,0.0,3653.0,0.0,0.0,0.0
38,North Dakota,2017,874.0,876.0,4045.0,4045.0,0.0,4045.0,0.0,0.0,0.0
38,North Dakota,2018,885.0,885.0,3701.0,3701.0,0.0,3701.0,0.0,0.0,0.0
38,North Dakota,2019,889.0,892.0,3470.0,3470.0,0.0,3470.0,0.0,0.0,0.0
38,North Dakota,2020,948.0,951.0,3464.0,3464.0,0.0,3464.0,0.0,0.0,0.0
39,Ohio,1994,13465.0,13561.0,71603.0,71603.0,0.0,71603.0,0.0,0.0,0.0
39,Ohio,1995,16337.0,16384.0,86563.0,86563.0,0.0,86563.0,0.0,0.0,0.0
39,Ohio,1996,13879.0,14086.0,75159.0,75159.0,0.0,75159.0,0.0,0.0,0.0
39,Ohio,1997,13598.0,13612.0,68693.0,68693.0,0.0,68693.0,0.0,0.0,0.0
39,Ohio,1998,12845.0,12861.0,64551.0,64551.0,0.0,64551.0,0.0,0.0,0.0
39,Ohio,1999,12163.0,12176.0,64123.0,64123.0,0.0,64123.0,0.0,0.0,0.0
39,Ohio,2000,11816.0,11825.0,62860.0,62860.0,0.0,62860.0,0.0,0.0,0.0
39,Ohio,2001,11388.0,11441.0,62113.0,62113.0,0.0,62113.0,0.0,0.0,0.0
39,Ohio,2002,11502.0,11512.0,63095.0,63095.0,0.0,63095.0,0.0,0.0,0.0
39,Ohio,2003,11499.0,11506.0,59307.0,59307.0,0.0,59307.0,0.0,0.0,0.0
39,Ohio,2004,10992.0,10998.0,57359.0,57359.0,0.0,57359.0,0.0,0.0,0.0
39,Ohio,2005,11078.0,11091.0,56362.0,56362.0,0.0,56362.0,0.0,0.0,0.0
39,Ohio,2006,11908.0,11922.0,58763.0,58763.0,0.0,58763.0,0.0,0.0,0.0
39,Ohio,2007,10104.0,10114.0,49775.0,49775.0,0.0,49775.0,0.0,0.0,0.0
39,Ohio,2008,9712.0,9727.0,47554.0,47554.0,0.0,47554.0,0.0,0.0,0.0
39,Ohio,2009,7716.0,7727.0,37281.0,37281.0,0.0,37281.0,0.0,0.0,0.0
39,Ohio,2010,7675.0,7680.0,38052.0,38052.0,0.0,38052.0,0.0,0.0,0.0
39,Ohio,2011,8038.0,8042.0,40917.0,40917.0,0.0,40917.0,0.0,0.0,0.0
39,Ohio,2012,9256.0,9262.0,46885.0,46885.0,0.0,46885.0,0.0,0.0,0.0
39,Ohio,2013,8250.0,8256.0,42005.0,42005.0,0.0,42005.0,0.0,0.0,0.0
39,Ohio,2014,8359.0,8388.0,39813.0,39813.0,0.0,39813.0,0.0,0.0,0.0
39,Ohio,2015,8807.0,8808.0,41628.0,41628.0,0.0,41628.0,0.0,0.0,0.0
39,Ohio,2016,9600.0,9602.0,43776.0,43776.0,0.0,43776.0,0.0,0.0,0.0
39,Ohio,2017,8779.0,8782.0,42543.0,42543.0,0.0,42543.0,0.0,0.0,0.0
39,Ohio,2018,8904.0,8908.0,41638.0,41638.0,0.0,41638.0,0.0,0.0,0.0
39,Ohio,2019,9437.0,9439.0,43041.0,43041.0,0.0,43041.0,0.0,0.0,0.0
39,Ohio,2020,9344.0,9352.0,44387.0,44387.0,0.0,44387.0,0.0,0.0,0.0
40,Oklahoma,1994,5647.0,5663.0,29721.0,29721.0,0.0,29721.0,0.0,0.0,0.0
40,Oklahoma,1995,5239.0,5252.0,29497.0,29497.0,0.0,29497.0,0.0,0.0,0.0
40,Oklahoma,1996,4956.0,4963.0,29357.0,29357.0,0.0,29357.0,0.0,0.0,0.0
40,Oklahoma,1997,5470.0,5475.0,34057.0,34057.0,0.0,34057.0,0.0,0.0,0.0
40,Oklahoma,1998,5651.0,5659.0,29459.0,29459.0,0.0,29459.0,0.0,0.0,0.0
40,Oklahoma,1999,5076.0,5082.0,26997.0,26997.0,0.0,26997.0,0.0,0.0,0.0
40,Oklahoma,2000,4673.0,4677.0,29245.0,29245.0,0.0,29245.0,0.0,0.0,0.0
40,Oklahoma,2001,4210.0,4213.0,24903.0,24903.0,0.0,24903.0,0.0,0.0,0.0
40,Oklahoma,2002,4923.0,4928.0,28189.0,28189.0,0.0,28189.0,0.0,0.0,0.0
40,Oklahoma,2003,4179.0,4180.0,20936.0,20936.0,0.0,20936.0,0.0,0.0,0.0
40,Oklahoma,2004,4513.0,4547.0,24681.0,24681.0,0.0,24681.0,0.0,0.0,0.0
40,Oklahoma,2005,4707.0,4708.0,26664.0,26664.0,0.0,26664.0,0.0,0.0,0.0
40,Oklahoma,2006,5090.0,5095.0,26849.0,26849.0,0.0,26849.0,0.0,0.0,0.0
40,Oklahoma,2007,4839.0,4842.0,24758.0,24758.0,0.0,24758.0,0.0,0.0,0.0
40,Oklahoma,2008,4615.0,4616.0,24056.0,24056.0,0.0,24056.0,0.0,0.0,0.0
40,Oklahoma,2009,4533.0,4535.0,21745.0,21745.0,0.0,21745.0,0.0,0.0,0.0
40,Oklahoma,2010,4032.0,4036.0,18187.0,18187.0,0.0,18187.0,0.0,0.0,0.0
40,Oklahoma,2011,4015.0,4020.0,19401.0,19401.0,0.0,19401.0,0.0,0.0,0.0
40,Oklahoma,2012,3962.0,3963.0,18549.0,18549.0,0.0,18549.0,0.0,0.0,0.0
40,Oklahoma,2013,4011.0,4023.0,18655.0,18655.0,0.0,18655.0,0.0,0.0,0.0
40,Oklahoma,2014,4296.0,4313.0,20833.0,20833.0,0.0,20833.0,0.0,0.0,0.0
40,Oklahoma,2015,4520.0,4526.0,20269.0,20269.0,0.0,20269.0,0.0,0.0,0.0
40,Oklahoma,2016,4163.0,4168.0,18613.0,18613.0,0.0,18613.0,0.0,0.0,0.0
40,Oklahoma,2017,4425.0,4428.0,20026.0,20026.0,0.0,20026.0,0.0,0.0,0.0
40,Oklahoma,2018,4356.0,4357.0,21522.0,21522.0,0.0,21522.0,0.0,0.0,0.0
40,Oklahoma,2019,4413.0,4418.0,22123.0,22123.0,0.0,22123.0,0.0,0.0,0.0
40,Oklahoma,2020,4482.0,4484.0,22396.0,22396.0,0.0,22396.0,0.0,0.0,0.0
41,Oregon,1994,6749.0,6749.0,25324.0,25324.0,0.0,25324.0,0.0,0.0,0.0
41,Oregon,1995,6662.0,6666.0,25500.0,25500.0,0.0,25500.0,0.0,0.0,0.0
41,Oregon,1996,6336.0,6346.0,27535.0,27535.0,0.0,27535.0,0.0,0.0,0.0
41,Oregon,1997,6922.0,6927.0,29125.0,29125.0,0.0,29125.0,0.0,0.0,0.0
41,Oregon,1998,6036.0,6106.0,22844.0,22844.0,0.0,22844.0,0.0,0.0,0.0
41,Oregon,1999,5660.0,5671.0,21091.0,21091.0,0.0,21091.0,0.0,0.0,0.0
41,Oregon,2000,5521.0,5535.0,24007.0,24007.0,0.0,24007.0,0.0,0.0,0.0
41,Oregon,2001,5878.0,5888.0,23852.0,23852.0,0.0,23852.0,0.0,0.0,0.0
41,Oregon,2002,5100.0,5109.0,20794.0,20794.0,0.0,20794.0,0.0,0.0,0.0
41,Oregon,2003,5536.0,5541.0,19608.0,19608.0,0.0,19608.0,0.0,0.0,0.0
41,Oregon,2004,5673.0,5708.0,22285.0,22285.0,0.0,22285.0,0.0,0.0,0.0
41,Oregon,2005,6062.0,6065.0,23150.0,23150.0,0.0,23150.0,0.0,0.0,0.0
41,Oregon,2006,6372.0,6395.0,22370.0,22370.0,0.0,22370.0,0.0,0.0,0.0
41,Oregon,2007,6430.0,6435.0,22235.0,22235.0,0.0,22235.0,0.0,0.0,0.0
41,Oregon,2008,5565.0,5568.0,18912.0,18912.0,0.0,18912.0,0.0,0.0,0.0
41,Oregon,2009,4655.0,4660.0,16830.0,16830.0,0.0,16830.0,0.0,0.0,0.0
41,Oregon,2010,4195.0,4199.0,14569.0,14569.0,0.0,14569.0,0.0,0.0,0.0
41,Oregon,2011,4709.0,4713.0,17225.0,17225.0,0.0,17225.0,0.0,0.0,0.0
41,Oregon,2012,4660.0,4663.0,16910.0,16910.0,0.0,16910.0,0.0,0.0,0.0
41,Oregon,2013,4585.0,4589.0,16331.0,16331.0,0.0,16331.0,0.0,0.0,0.0
41,Oregon,2014,4531.0,4536.0,15495.0,15495.0,0.0,15495.0,0.0,0.0,0.0
41,Oregon,2015,4913.0,4916.0,17526.0,17526.0,0.0,17526.0,0.0,0.0,0.0
41,Oregon,2016,5102.0,5107.0,18409.0,18409.0,0.0,18409.0,0.0,0.0,0.0
41,Oregon,2017,4952.0,4956.0,21399.0,21399.0,0.0,21399.0,0.0,0.0,0.0
41,Oregon,2018,5868.0,5873.0,21596.0,21596.0,0.0,21596.0,0.0,0.0,0.0
41,Oregon,2019,5505.0,5506.0,19967.0,19967.0,0.0,19967.0,0.0,0.0,0.0
41,Oregon,2020,5136.0,5138.0,20577.0,20577.0,0.0,20577.0,0.0,0.0,0.0
42,Pennsylvania,1994,14187.0,14200.0,84482.0,84482.0,0.0,84482.0,0.0,0.0,0.0
42,Pennsylvania,1995,12543.0,12598.0,66137.0,66137.0,0.0,66137.0,0.0,0.0,0.0
42,Pennsylvania,1996,13356.0,13392.0,67465.0,67465.0,0.0,67465.0,0.0,0.0,0.0
42,Pennsylvania,1997,15083.0,15118.0,76841.0,76841.0,0.0,76841.0,0.0,0.0,0.0
42,Pennsylvania,1998,15264.0,15305.0,78491.0,78491.0,0.0,78491.0,0.0,0.0,0.0
42,Pennsylvania,1999,13066.0,13088.0,68778.0,68778.0,0.0,68778.0,0.0,0.0,0.0
42,Pennsylvania,2000,14188.0,14203.0,74493.0,74493.0,0.0,74493.0,0.0,0.0,0.0
42,Pennsylvania,2001,12743.0,12774.0,61336.0,61336.0,0.0,61336.0,0.0,0.0,0.0
42,Pennsylvania,2002,15205.0,15249.0,75545.0,75545.0,0.0,75545.0,0.0,0.0,0.0
42,Pennsylvania,2003,13783.0,13818.0,65150.0,65150.0,0.0,65150.0,0.0,0.0,0.0
42,Pennsylvania,2004,13642.0,13674.0,61671.0,61671.0,0.0,61671.0,0.0,0.0,0.0
42,Pennsylvania,2005,15098.0,15171.0,59518.0,59518.0,0.0,59518.0,0.0,0.0,0.0
42,Pennsylvania,2006,16248.0,16293.0,57666.0,57666.0,0.0,57666.0,0.0,0.0,0.0
42,Pennsylvania,2007,13820.0,13856.0,50339.0,50339.0,0.0,50339.0,0.0,0.0,0.0
42,Pennsylvania,2008,13950.0,13974.0,48510.0,48510.0,0.0,48510.0,0.0,0.0,0.0
42,Pennsylvania,2009,13463.0,13486.0,44267.0,44267.0,0.0,44267.0,0.0,0.0,0.0
42,Pennsylvania,2010,13151.0,13167.0,40571.0,40571.0,0.0,40571.0,0.0,0.0,0.0
42,Pennsylvania,2011,13849.0,13883.0,46281.0,46281.0,0.0,46281.0,0.0,0.0,0.0
42,Pennsylvania,2012,15800.0,15830.0,53751.0,53751.0,0.0,53751.0,0.0,0.0,0.0
42,Pennsylvania,2013,14537.0,14573.0,50141.0,50141.0,0.0,50141.0,0.0,0.0,0.0
42,Pennsylvania,2014,13409.0,13421.0,47745.0,47745.0,0.0,47745.0,0.0,0.0,0.0
42,Pennsylvania,2015,13734.0,13790.0,48135.0,48135.0,0.0,48135.0,0.0,0.0,0.0
42,Pennsylvania,2016,13781.0,13791.0,48958.0,48958.0,0.0,48958.0,0.0,0.0,0.0
42,Pennsylvania,2017,13194.0,13207.0,48891.0,48891.0,0.0,48891.0,0.0,0.0,0.0
42,Pennsylvania,2018,12798.0,12815.0,47017.0,47017.0,0.0,47017.0,0.0,0.0,0.0
42,Pennsylvania,2019,12836.0,12851.0,46909.0,46909.0,0.0,46909.0,0.0,0.0,0.0
42,Pennsylvania,2020,12517.0,12526.0,47365.0,47365.0,0.0,47365.0,0.0,0.0,0.0
44,Rhode Island,1994,1672.0,1674.0,7263.0,7263.0,0.0,7263.0,0.0,0.0,0.0
44,Rhode Island,1995,1527.0,1529.0,6733.0,6733.0,0.0,6733.0,0.0,0.0,0.0
44,Rhode Island,1996,1629.0,1631.0,7005.0,7005.0,0.0,7005.0,0.0,0.0,0.0
44,Rhode Island,1997,1609.0,1610.0,6451.0,6451.0,0.0,6451.0,0.0,0.0,0.0
44,Rhode Island,1998,1529.0,1529.0,6228.0,6228.0,0.0,6228.0,0.0,0.0,0.0
44,Rhode Island,1999,1465.0,1465.0,5738.0,5738.0,0.0,5738.0,0.0,0.0,0.0
44,Rhode Island,2000,1424.0,1424.0,5802.0,5802.0,0.0,5802.0,0.0,0.0,0.0
44,Rhode Island,2001,1452.0,1454.0,5893.0,5893.0,0.0,5893.0,0.0,0.0,0.0
44,Rhode Island,2002,1427.0,1428.0,5764.0,5764.0,0.0,5764.0,0.0,0.0,0.0
44,Rhode Island,2003,1444.0,1445.0,5433.0,5433.0,0.0,5433.0,0.0,0.0,0.0
44,Rhode Island,2004,1482.0,1482.0,6303.0,6303.0,0.0,6303.0,0.0,0.0,0.0
44,Rhode Island,2005,1570.0,1572.0,6080.0,6080.0,0.0,6080.0,0.0,0.0,0.0
44,Rhode Island,2006,1326.0,1326.0,4407.0,4407.0,0.0,4407.0,0.0,0.0,0.0
44,Rhode Island,2007,1451.0,1451.0,4932.0,4932.0,0.0,4932.0,0.0,0.0,0.0
44,Rhode Island,2008,1252.0,1252.0,4371.0,4371.0,0.0,4371.0,0.0,0.0,0.0
44,Rhode Island,2009,1026.0,1028.0,4006.0,4006.0,0.0,4006.0,0.0,0.0,0.0
44,Rhode Island,2010,1061.0,1061.0,3918.0,3918.0,0.0,3918.0,0.0,0.0,0.0
44,Rhode Island,2011,1091.0,1092.0,3820.0,3820.0,0.0,3820.0,0.0,0.0,0.0
44,Rhode Island,2012,1230.0,1230.0,4289.0,4289.0,0.0,4289.0,0.0,0.0,0.0
44,Rhode Island,2013,1135.0,1135.0,4116.0,4116.0,0.0,4116.0,0.0,0.0,0.0
44,Rhode Island,2014,1148.0,1149.0,4032.0,4032.0,0.0,4032.0,0.0,0.0,0.0
44,Rhode Island,2015,1129.0,1129.0,4297.0,4297.0,0.0,4297.0,0.0,0.0,0.0
44,Rhode Island,2016,1300.0,1300.0,4225.0,4225.0,0.0,4225.0,0.0,0.0,0.0
44,Rhode Island,2017,1191.0,1192.0,4132.0,4132.0,0.0,4132.0,0.0,0.0,0.0
44,Rhode Island,2018,1190.0,1190.0,4390.0,4390.0,0.0,4390.0,0.0,0.0,0.0
44,Rhode Island,2019,1253.0,1253.0,4207.0,4207.0,0.0,4207.0,0.0,0.0,0.0
44,Rhode Island,2020,1345.0,1345.0,3957.0,3957.0,0.0,3957.0,0.0,0.0,0.0
45,South Carolina,1994,5179.0,5182.0,25722.0,25722.0,0.0,25722.0,0.0,0.0,0.0
45,South Carolina,1995,5460.0,5463.0,27962.0,27962.0,0.0,27962.0,0.0,0.0,0.0
45,South Carolina,1996,5859.0,5864.0,34085.0,34085.0,0.0,34085.0,0.0,0.0,0.0
45,South Carolina,1997,5828.0,5829.0,28509.0,28509.0,0.0,28509.0,0.0,0.0,0.0
45,South Carolina,1998,4314.0,4323.0,22162.0,22162.0,0.0,22162.0,0.0,0.0,0.0
45,South Carolina,1999,6650.0,6667.0,35911.0,35911.0,0.0,35911.0,0.0,0.0,0.0
45,South Carolina,2000,4720.0,4720.0,25388.0,25388.0,0.0,25388.0,0.0,0.0,0.0
45,South Carolina,2001,5666.0,5667.0,28730.0,28730.0,0.0,28730.0,0.0,0.0,0.0
45,South Carolina,2002,5150.0,5153.0,23999.0,23999.0,0.0,23999.0,0.0,0.0,0.0
45,South Carolina,2003,5465.0,5487.0,27863.0,27863.0,0.0,27863.0,0.0,0.0,0.0
45,South Carolina,2004,5562.0,5568.0,26424.0,26424.0,0.0,26424.0,0.0,0.0,0.0
45,South Carolina,2005,5941.0,5941.0,27943.0,27943.0,0.0,27943.0,0.0,0.0,0.0
45,South Carolina,2006,5308.0,5309.0,25163.0,25163.0,0.0,25163.0,0.0,0.0,0.0
45,South Carolina,2007,7426.0,7450.0,35486.0,35486.0,0.0,35486.0,0.0,0.0,0.0
45,South Carolina,2008,5547.0,5563.0,24662.0,24662.0,0.0,24662.0,0.0,0.0,0.0
45,South Carolina,2009,4489.0,4503.0,20370.0,20370.0,0.0,20370.0,0.0,0.0,0.0
45,South Carolina,2010,3955.0,3965.0,18512.0,18512.0,0.0,18512.0,0.0,0.0,0.0
45,South Carolina,2011,4021.0,4040.0,18864.0,18864.0,0.0,18864.0,0.0,0.0,0.0
45,South Carolina,2012,4344.0,4354.0,19879.0,19879.0,0.0,19879.0,0.0,0.0,0.0
45,South Carolina,2013,4154.0,4160.0,17482.0,17482.0,0.0,17482.0,0.0,0.0,0.0
45,South Carolina,2014,4579.0,4582.0,20437.0,20437.0,0.0,20437.0,0.0,0.0,0.0
45,South Carolina,2015,4629.0,4630.0,20021.0,20021.0,0.0,20021.0,0.0,0.0,0.0
45,South Carolina,2016,5075.0,5078.0,22343.0,22343.0,0.0,22343.0,0.0,0.0,0.0
45,South Carolina,2017,4890.0,4895.0,21454.0,21454.0,0.0,21454.0,0.0,0.0,0.0
45,South Carolina,2018,5455.0,5466.0,25089.0,25089.0,0.0,25089.0,0.0,0.0,0.0
45,South Carolina,2019,6294.0,6309.0,32778.0,32778.0,0.0,32778.0,0.0,0.0,0.0
45,South Carolina,2020,5410.0,5420.0,27771.0,27771.0,0.0,27771.0,0.0,0.0,0.0
46,South Dakota,1994,1087.0,1089.0,4684.0,4684.0,0.0,4684.0,0.0,0.0,0.0
46,South Dakota,1995,1083.0,1085.0,4248.0,4248.0,0.0,4248.0,0.0,0.0,0.0
46,South Dakota,1996,1043.0,1045.0,4346.0,4346.0,0.0,4346.0,0.0,0.0,0.0
46,South Dakota,1997,942.0,943.0,4256.0,4256.0,0.0,4256.0,0.0,0.0,0.0
46,South Dakota,1998,1084.0,1090.0,4503.0,4503.0,0.0,4503.0,0.0,0.0,0.0
46,South Dakota,1999,1129.0,1130.0,4819.0,4819.0,0.0,4819.0,0.0,0.0,0.0
46,South Dakota,2000,1035.0,1035.0,5144.0,5144.0,0.0,5144.0,0.0,0.0,0.0
46,South Dakota,2001,984.0,990.0,4206.0,4206.0,0.0,4206.0,0.0,0.0,0.0
46,South Dakota,2002,1014.0,1015.0,3936.0,3936.0,0.0,3936.0,0.0,0.0,0.0
46,South Dakota,2003,977.0,977.0,3280.0,3280.0,0.0,3280.0,0.0,0.0,0.0
46,South Dakota,2004,1039.0,1044.0,4018.0,4018.0,0.0,4018.0,0.0,0.0,0.0
46,South Dakota,2005,1138.0,1140.0,4326.0,4326.0,0.0,4326.0,0.0,0.0,0.0
46,South Dakota,2006,1100.0,1103.0,4065.0,4065.0,0.0,4065.0,0.0,0.0,0.0
46,South Dakota,2007,994.0,994.0,4145.0,4145.0,0.0,4145.0,0.0,0.0,0.0
46,South Dakota,2008,908.0,908.0,3201.0,3201.0,0.0,3201.0,0.0,0.0,0.0
46,South Dakota,2009,961.0,962.0,3528.0,3528.0,0.0,3528.0,0.0,0.0,0.0
46,South Dakota,2010,840.0,840.0,3127.0,3127.0,0.0,3127.0,0.0,0.0,0.0
46,South Dakota,2011,803.0,804.0,2521.0,2521.0,0.0,2521.0,0.0,0.0,0.0
46,South Dakota,2012,918.0,919.0,3569.0,3569.0,0.0,3569.0,0.0,0.0,0.0
46,South Dakota,2013,870.0,871.0,3043.0,3043.0,0.0,3043.0,0.0,0.0,0.0
46,South Dakota,2014,947.0,948.0,3739.0,3739.0,0.0,3739.0,0.0,0.0,0.0
46,South Dakota,2015,966.0,967.0,3157.0,3157.0,0.0,3157.0,0.0,0.0,0.0
46,South Dakota,2016,1013.0,1015.0,3521.0,3521.0,0.0,3521.0,0.0,0.0,0.0
46,South Dakota,2017,994.0,996.0,3512.0,3512.0,0.0,3512.0,0.0,0.0,0.0
46,South Dakota,2018,1033.0,1035.0,3577.0,3577.0,0.0,3577.0,0.0,0.0,0.0
46,South Dakota,2019,955.0,961.0,2846.0,2846.0,0.0,2846.0,0.0,0.0,0.0
46,South Dakota,2020,1060.0,1062.0,3772.0,3772.0,0.0,3772.0,0.0,0.0,0.0
47,Tennessee,1994,7237.0,7264.0,36189.0,36189.0,0.0,36189.0,0.0,0.0,0.0
47,Tennessee,1995,7735.0,7741.0,40596.0,40596.0,0.0,40596.0,0.0,0.0,0.0
47,Tennessee,1996,7968.0,7979.0,43146.0,43146.0,0.0,43146.0,0.0,0.0,0.0
47,Tennessee,1997,7976.0,7987.0,41280.0,41280.0,0.0,41280.0,0.0,0.0,0.0
47,Tennessee,1998,7472.0,7477.0,39680.0,39680.0,0.0,39680.0,0.0,0.0,0.0
47,Tennessee,1999,7169.0,7178.0,39032.0,39032.0,0.0,39032.0,0.0,0.0,0.0
47,Tennessee,2000,6756.0,6764.0,36746.0,36746.0,0.0,36746.0,0.0,0.0,0.0
47,Tennessee,2001,6459.0,6465.0,35304.0,35304.0,0.0,35304.0,0.0,0.0,0.0
47,Tennessee,2002,6150.0,6152.0,31968.0,31968.0,0.0,31968.0,0.0,0.0,0.0
47,Tennessee,2003,6431.0,6437.0,34189.0,34189.0,0.0,34189.0,0.0,0.0,0.0
47,Tennessee,2004,6661.0,6668.0,35280.0,35280.0,0.0,35280.0,0.0,0.0,0.0
47,Tennessee,2005,7034.0,7037.0,37266.0,37266.0,0.0,37266.0,0.0,0.0,0.0
47,Tennessee,2006,7297.0,7303.0,37983.0,37983.0,0.0,37983.0,0.0,0.0,0.0
47,Tennessee,2007,7285.0,7292.0,36255.0,36255.0,0.0,36255.0,0.0,0.0,0.0
47,Tennessee,2008,6951.0,6969.0,33593.0,33593.0,0.0,33593.0,0.0,0.0,0.0
47,Tennessee,2009,5522.0,5531.0,26433.0,26433.0,0.0,26433.0,0.0,0.0,0.0
47,Tennessee,2010,5138.0,5140.0,25019.0,25019.0,0.0,25019.0,0.0,0.0,0.0
47,Tennessee,2011,5354.0,5361.0,26262.0,26262.0,0.0,26262.0,0.0,0.0,0.0
47,Tennessee,2012,5484.0,5494.0,27393.0,27393.0,0.0,27393.0,0.0,0.0,0.0
47,Tennessee,2013,5601.0,5611.0,27963.0,27963.0,0.0,27963.0,0.0,0.0,0.0
47,Tennessee,2014,5452.0,5461.0,26449.0,26449.0,0.0,26449.0,0.0,0.0,0.0
47,Tennessee,2015,5716.0,5720.0,27761.0,27761.0,0.0,27761.0,0.0,0.0,0.0
47,Tennessee,2016,5923.0,5931.0,27271.0,27271.0,0.0,27271.0,0.0,0.0,0.0
47,Tennessee,2017,6149.0,6153.0,30784.0,30784.0,0.0,30784.0,0.0,0.0,0.0
47,Tennessee,2018,6407.0,6414.0,32458.0,32458.0,0.0,32458.0,0.0,0.0,0.0
47,Tennessee,2019,6844.0,6852.0,32730.0,32730.0,0.0,32730.0,0.0,0.0,0.0
47,Tennessee,2020,6690.0,6699.0,30928.0,30928.0,0.0,30928.0,0.0,0.0,0.0
48,Texas,1994,23737.0,23772.0,155531.0,155531.0,0.0,155531.0,0.0,0.0,0.0
48,Texas,1995,30531.0,30619.0,177282.0,177282.0,0.0,177282.0,0.0,0.0,0.0
48,Texas,1996,23498.0,23542.0,131399.0,131399.0,0.0,131399.0,0.0,0.0,0.0
48,Texas,1997,36649.0,36703.0,195170.0,195170.0,0.0,195170.0,0.0,0.0,0.0
48,Texas,1998,29163.0,29229.0,148859.0,148859.0,0.0,148859.0,0.0,0.0,0.0
48,Texas,1999,27178.0,27270.0,137510.0,137510.0,0.0,137510.0,0.0,0.0,0.0
48,Texas,2000,27991.0,28057.0,149661.0,149661.0,0.0,149661.0,0.0,0.0,0.0
48,Texas,2001,26515.0,26559.0,142005.0,142005.0,0.0,142005.0,0.0,0.0,0.0
48,Texas,2002,27024.0,27071.0,144775.0,144775.0,0.0,144775.0,0.0,0.0,0.0
48,Texas,2003,27211.0,27260.0,139044.0,139044.0,0.0,139044.0,0.0,0.0,0.0
48,Texas,2004,27477.0,27520.0,140823.0,140823.0,0.0,140823.0,0.0,0.0,0.0
48,Texas,2005,28769.0,28809.0,151618.0,151618.0,0.0,151618.0,0.0,0.0,0.0
48,Texas,2006,29594.0,29636.0,154601.0,154601.0,0.0,154601.0,0.0,0.0,0.0
48,Texas,2007,30459.0,30560.0,155166.0,155166.0,0.0,155166.0,0.0,0.0,0.0
48,Texas,2008,29385.0,29415.0,149465.0,149465.0,0.0,149465.0,0.0,0.0,0.0
48,Texas,2009,26980.0,27019.0,129230.0,129230.0,0.0,129230.0,0.0,0.0,0.0
48,Texas,2010,26048.0,26078.0,123313.0,123313.0,0.0,123313.0,0.0,0.0,0.0
48,Texas,2011,28172.0,28205.0,133528.0,133528.0,0.0,133528.0,0.0,0.0,0.0
48,Texas,2012,30531.0,30583.0,143937.0,143937.0,0.0,143937.0,0.0,0.0,0.0
48,Texas,2013,30801.0,30822.0,145779.0,145779.0,0.0,145779.0,0.0,0.0,0.0
48,Texas,2014,30858.0,30871.0,148756.0,148756.0,0.0,148756.0,0.0,0.0,0.0
48,Texas,2015,32368.0,32385.0,151927.0,151927.0,0.0,151927.0,0.0,0.0,0.0
48,Texas,2016,33722.0,33727.0,148448.0,148448.0,0.0,148448.0,0.0,0.0,0.0
48,Texas,2017,35856.0,35874.0,159634.0,159634.0,0.0,159634.0,0.0,0.0,0.0
48,Texas,2018,36433.0,36445.0,162799.0,162799.0,0.0,162799.0,0.0,0.0,0.0
48,Texas,2019,37570.0,37578.0,161687.0,161687.0,0.0,161687.0,0.0,0.0,0.0
48,Texas,2020,37194.0,37211.0,164470.0,164470.0,0.0,164470.0,0.0,0.0,0.0
49,Utah,1994,3819.0,3833.0,19512.0,19512.0,0.0,19512.0,0.0,0.0,0.0
49,Utah,1995,3844.0,3858.0,19521.0,19521.0,0.0,19521.0,0.0,0.0,0.0
49,Utah,1996,4102.0,4134.0,20870.0,20870.0,0.0,20870.0,0.0,0.0,0.0
49,Utah,1997,4347.0,4362.0,22309.0,22309.0,0.0,22309.0,0.0,0.0,0.0
49,Utah,1998,4351.0,4376.0,19987.0,19987.0,0.0,19987.0,0.0,0.0,0.0
49,Utah,1999,4337.0,4348.0,21059.0,21059.0,0.0,21059.0,0.0,0.0,0.0
49,Utah,2000,4380.0,4395.0,21747.0,21747.0,0.0,21747.0,0.0,0.0,0.0
49,Utah,2001,4390.0,4408.0,20429.0,20429.0,0.0,20429.0,0.0,0.0,0.0
49,Utah,2002,4317.0,4329.0,21199.0,21199.0,0.0,21199.0,0.0,0.0,0.0
49,Utah,2003,4705.0,4713.0,21139.0,21139.0,0.0,21139.0,0.0,0.0,0.0
49,Utah,2004,4822.0,4828.0,20622.0,20622.0,0.0,20622.0,0.0,0.0,0.0
49,Utah,2005,5242.0,5262.0,22398.0,22398.0,0.0,22398.0,0.0,0.0,0.0
49,Utah,2006,5888.0,5899.0,23539.0,23539.0,0.0,23539.0,0.0,0.0,0.0
49,Utah,2007,6035.0,6045.0,24197.0,24197.0,0.0,24197.0,0.0,0.0,0.0
49,Utah,2008,4918.0,4923.0,18948.0,18948.0,0.0,18948.0,0.0,0.0,0.0
49,Utah,2009,3759.0,3761.0,15029.0,15029.0,0.0,15029.0,0.0,0.0,0.0
49,Utah,2010,3458.0,3469.0,14253.0,14253.0,0.0,14253.0,0.0,0.0,0.0
49,Utah,2011,3555.0,3557.0,13887.0,13887.0,0.0,13887.0,0.0,0.0,0.0
49,Utah,2012,3734.0,3742.0,14721.0,14721.0,0.0,14721.0,0.0,0.0,0.0
49,Utah,2013,3726.0,3728.0,14589.0,14589.0,0.0,14589.0,0.0,0.0,0.0
49,Utah,2014,3665.0,3671.0,14402.0,14402.0,0.0,14402.0,0.0,0.0,0.0
49,Utah,2015,4351.0,4365.0,16641.0,16641.0,0.0,16641.0,0.0,0.0,0.0
49,Utah,2016,4291.0,4299.0,15662.0,15662.0,0.0,15662.0,0.0,0.0,0.0
49,Utah,2017,4218.0,4220.0,15890.0,15890.0,0.0,15890.0,0.0,0.0,0.0
49,Utah,2018,4676.0,4686.0,17744.0,17744.0,0.0,17744.0,0.0,0.0,0.0
49,Utah,2019,4924.0,4935.0,18713.0,18713.0,0.0,18713.0,0.0,0.0,0.0
49,Utah,2020,4860.0,4869.0,17474.0,17474.0,0.0,17474.0,0.0,0.0,0.0
50,Vermont,1994,948.0,948.0,3431.0,3431.0,0.0,3431.0,0.0,0.0,0.0
50,Vermont,1995,897.0,899.0,3704.0,3704.0,0.0,3704.0,0.0,0.0,0.0
50,Vermont,1996,957.0,964.0,3599.0,3599.0,0.0,3599.0,0.0,0.0,0.0
50,Vermont,1997,962.0,962.0,3115.0,3115.0,0.0,3115.0,0.0,0.0,0.0
50,Vermont,1998,900.0,901.0,2974.0,2974.0,0.0,2974.0,0.0,0.0,0.0
50,Vermont,1999,861.0,861.0,2926.0,2926.0,0.0,2926.0,0.0,0.0,0.0
50,Vermont,2000,922.0,922.0,2974.0,2974.0,0.0,2974.0,0.0,0.0,0.0
50,Vermont,2001,790.0,791.0,2740.0,2740.0,0.0,2740.0,0.0,0.0,0.0
50,Vermont,2002,741.0,741.0,2528.0,2528.0,0.0,2528.0,0.0,0.0,0.0
50,Vermont,2003,861.0,861.0,3130.0,3130.0,0.0,3130.0,0.0,0.0,0.0
50,Vermont,2004,862.0,862.0,3017.0,3017.0,0.0,3017.0,0.0,0.0,0.0
50,Vermont,2005,784.0,784.0,2759.0,2759.0,0.0,2759.0,0.0,0.0,0.0
50,Vermont,2006,783.0,783.0,2565.0,2565.0,0.0,2565.0,0.0,0.0,0.0
50,Vermont,2007,722.0,722.0,2439.0,2439.0,0.0,2439.0,0.0,0.0,0.0
50,Vermont,2008,859.0,859.0,2983.0,2983.0,0.0,2983.0,0.0,0.0,0.0
50,Vermont,2009,588.0,588.0,2196.0,2196.0,0.0,2196.0,0.0,0.0,0.0
50,Vermont,2010,554.0,555.0,2091.0,2091.0,0.0,2091.0,0.0,0.0,0.0
50,Vermont,2011,607.0,607.0,2275.0,2275.0,0.0,2275.0,0.0,0.0,0.0
50,Vermont,2012,655.0,655.0,2392.0,2392.0,0.0,2392.0,0.0,0.0,0.0
50,Vermont,2013,579.0,581.0,2036.0,2036.0,0.0,2036.0,0.0,0.0,0.0
50,Vermont,2014,705.0,705.0,2686.0,2686.0,0.0,2686.0,0.0,0.0,0.0
50,Vermont,2015,655.0,655.0,2678.0,2678.0,0.0,2678.0,0.0,0.0,0.0
50,Vermont,2016,736.0,736.0,2640.0,2640.0,0.0,2640.0,0.0,0.0,0.0
50,Vermont,2017,698.0,698.0,2358.0,2358.0,0.0,2358.0,0.0,0.0,0.0
50,Vermont,2018,676.0,676.0,2706.0,2706.0,0.0,2706.0,0.0,0.0,0.0
50,Vermont,2019,716.0,717.0,2649.0,2649.0,0.0,2649.0,0.0,0.0,0.0
50,Vermont,2020,569.0,569.0,1906.0,1906.0,0.0,1906.0,0.0,0.0,0.0
51,Virginia,1994,8981.0,8988.0,38595.0,38595.0,0.0,38595.0,0.0,0.0,0.0
51,Virginia,1995,9859.0,9861.0,44180.0,44180.0,0.0,44180.0,0.0,0.0,0.0
51,Virginia,1996,9031.0,9034.0,40541.0,40541.0,0.0,40541.0,0.0,0.0,0.0
51,Virginia,1997,10626.0,10635.0,44533.0,44533.0,0.0,44533.0,0.0,0.0,0.0
51,Virginia,1998,9528.0,9537.0,46065.0,46065.0,0.0,46065.0,0.0,0.0,0.0
51,Virginia,1999,9369.0,9380.0,41404.0,41404.0,0.0,41404.0,0.0,0.0,0.0
51,Virginia,2000,9275.0,9278.0,43805.0,43805.0,0.0,43805.0,0.0,0.0,0.0
51,Virginia,2001,9195.0,9195.0,41016.0,41016.0,0.0,41016.0,0.0,0.0,0.0
51,Virginia,2002,9628.0,9633.0,40484.0,40484.0,0.0,40484.0,0.0,0.0,0.0
51,Virginia,2003,9484.0,9485.0,42215.0,42215.0,0.0,42215.0,0.0,0.0,0.0
51,Virginia,2004,10083.0,10084.0,42824.0,42824.0,0.0,42824.0,0.0,0.0,0.0
51,Virginia,2005,11368.0,11374.0,45927.0,45927.0,0.0,45927.0,0.0,0.0,0.0
51,Virginia,2006,11729.0,11732.0,47471.0,47471.0,0.0,47471.0,0.0,0.0,0.0
51,Virginia,2007,12763.0,12774.0,46564.0,46564.0,0.0,46564.0,0.0,0.0,0.0
51,Virginia,2008,11765.0,11769.0,44176.0,44176.0,0.0,44176.0,0.0,0.0,0.0
51,Virginia,2009,11340.0,11348.0,41746.0,41746.0,0.0,41746.0,0.0,0.0,0.0
51,Virginia,2010,9996.0,10000.0,35602.0,35602.0,0.0,35602.0,0.0,0.0,0.0
51,Virginia,2011,11281.0,11285.0,42345.0,42345.0,0.0,42345.0,0.0,0.0,0.0
51,Virginia,2012,11313.0,11322.0,41083.0,41083.0,0.0,41083.0,0.0,0.0,0.0
51,Virginia,2013,11529.0,11542.0,40428.0,40428.0,0.0,40428.0,0.0,0.0,0.0
51,Virginia,2014,9172.0,9180.0,31482.0,31482.0,0.0,31482.0,0.0,0.0,0.0
51,Virginia,2015,12058.0,12066.0,41067.0,41067.0,0.0,41067.0,0.0,0.0,0.0
51,Virginia,2016,15114.0,15120.0,60290.0,60290.0,0.0,60290.0,0.0,0.0,0.0
51,Virginia,2017,10515.0,10515.0,42226.0,42226.0,0.0,42226.0,0.0,0.0,0.0
51,Virginia,2018,9419.0,9421.0,39433.0,39433.0,0.0,39433.0,0.0,0.0,0.0
51,Virginia,2019,12854.0,12867.0,43964.0,43964.0,0.0,43964.0,0.0,0.0,0.0
51,Virginia,2020,12161.0,12170.0,45021.0,45021.0,0.0,45021.0,0.0,0.0,0.0
53,Washington,1994,9136.0,9148.0,33692.0,33692.0,0.0,33692.0,0.0,0.0,0.0
53,Washington,1995,9036.0,9048.0,36267.0,36267.0,0.0,36267.0,0.0,0.0,0.0
53,Washington,1996,8829.0,8837.0,37211.0,37211.0,0.0,37211.0,0.0,0.0,0.0
53,Washington,1997,8798.0,8811.0,37824.0,37824.0,0.0,37824.0,0.0,0.0,0.0
53,Washington,1998,9062.0,9090.0,39724.0,39724.0,0.0,39724.0,0.0,0.0,0.0
53,Washington,1999,8548.0,8559.0,37212.0,37212.0,0.0,37212.0,0.0,0.0,0.0
53,Washington,2000,8748.0,8765.0,41017.0,41017.0,0.0,41017.0,0.0,0.0,0.0
53,Washington,2001,8356.0,8366.0,36361.0,36361.0,0.0,36361.0,0.0,0.0,0.0
53,Washington,2002,7463.0,7466.0,29838.0,29838.0,0.0,29838.0,0.0,0.0,0.0
53,Washington,2003,8661.0,8675.0,32841.0,32841.0,0.0,32841.0,0.0,0.0,0.0
53,Washington,2004,8728.0,8739.0,32260.0,32260.0,0.0,32260.0,0.0,0.0,0.0
53,Washington,2005,9307.0,9316.0,32425.0,32425.0,0.0,32425.0,0.0,0.0,0.0
53,Washington,2006,9653.0,9659.0,34953.0,34953.0,0.0,34953.0,0.0,0.0,0.0
53,Washington,2007,9648.0,9655.0,34808.0,34808.0,0.0,34808.0,0.0,0.0,0.0
53,Washington,2008,9704.0,9713.0,33810.0,33810.0,0.0,33810.0,0.0,0.0,0.0
53,Washington,2009,7304.0,7308.0,25527.0,25527.0,0.0,25527.0,0.0,0.0,0.0
53,Washington,2010,6510.0,6515.0,23571.0,23571.0,0.0,23571.0,0.0,0.0,0.0
53,Washington,2011,7532.0,7543.0,25481.0,25481.0,0.0,25481.0,0.0,0.0,0.0
53,Washington,2012,7788.0,7796.0,27437.0,27437.0,0.0,27437.0,0.0,0.0,0.0
53,Washington,2013,7862.0,7865.0,27052.0,27052.0,0.0,27052.0,0.0,0.0,0.0
53,Washington,2014,8866.0,8867.0,31874.0,31874.0,0.0,31874.0,0.0,0.0,0.0
53,Washington,2015,9411.0,9415.0,34747.0,34747.0,0.0,34747.0,0.0,0.0,0.0
53,Washington,2016,9791.0,9797.0,37969.0,37969.0,0.0,37969.0,0.0,0.0,0.0
53,Washington,2017,10145.0,10146.0,38532.0,38532.0,0.0,38532.0,0.0,0.0,0.0
53,Washington,2018,10046.0,10054.0,38251.0,38251.0,0.0,38251.0,0.0,0.0,0.0
53,Washington,2019,9845.0,9851.0,35497.0,35497.0,0.0,35497.0,0.0,0.0,0.0
53,Washington,2020,9468.0,9472.0,35843.0,35843.0,0.0,35843.0,0.0,0.0,0.0
54,West Virginia,1994,2207.0,2215.0,9631.0,9631.0,0.0,9631.0,0.0,0.0,0.0
54,West Virginia,1995,2216.0,2217.0,11088.0,11088.0,0.0,11088.0,0.0,0.0,0.0
54,West Virginia,1996,2177.0,2182.0,11005.0,11005.0,0.0,11005.0,0.0,0.0,0.0
54,West Virginia,1997,2039.0,2042.0,9461.0,9461.0,0.0,9461.0,0.0,0.0,0.0
54,West Virginia,1998,1933.0,1936.0,8710.0,8710.0,0.0,8710.0,0.0,0.0,0.0
54,West Virginia,1999,1979.0,1980.0,8737.0,8737.0,0.0,8737.0,0.0,0.0,0.0
54,West Virginia,2000,1813.0,1819.0,7732.0,7732.0,0.0,7732.0,0.0,0.0,0.0
54,West Virginia,2001,1574.0,1580.0,7766.0,7766.0,0.0,7766.0,0.0,0.0,0.0
54,West Virginia,2002,1556.0,1558.0,6821.0,6821.0,0.0,6821.0,0.0,0.0,0.0
54,West Virginia,2003,1614.0,1616.0,8021.0,8021.0,0.0,8021.0,0.0,0.0,0.0
54,West Virginia,2004,1792.0,1807.0,8640.0,8640.0,0.0,8640.0,0.0,0.0,0.0
54,West Virginia,2005,1787.0,1789.0,8368.0,8368.0,0.0,8368.0,0.0,0.0,0.0
54,West Virginia,2006,1793.0,1799.0,8639.0,8639.0,0.0,8639.0,0.0,0.0,0.0
54,West Virginia,2007,1547.0,1565.0,7329.0,7329.0,0.0,7329.0,0.0,0.0,0.0
54,West Virginia,2008,1412.0,1414.0,7734.0,7734.0,0.0,7734.0,0.0,0.0,0.0
54,West Virginia,2009,1228.0,1228.0,6080.0,6080.0,0.0,6080.0,0.0,0.0,0.0
54,West Virginia,2010,1070.0,1070.0,5039.0,5039.0,0.0,5039.0,0.0,0.0,0.0
54,West Virginia,2011,1134.0,1137.0,5242.0,5242.0,0.0,5242.0,0.0,0.0,0.0
54,West Virginia,2012,1245.0,1249.0,6452.0,6452.0,0.0,6452.0,0.0,0.0,0.0
54,West Virginia,2013,1111.0,1111.0,6375.0,6375.0,0.0,6375.0,0.0,0.0,0.0
54,West Virginia,2014,1039.0,1051.0,5126.0,5126.0,0.0,5126.0,0.0,0.0,0.0
54,West Virginia,2015,1167.0,1169.0,6071.0,6071.0,0.0,6071.0,0.0,0.0,0.0
54,West Virginia,2016,1085.0,1087.0,5400.0,5400.0,0.0,5400.0,0.0,0.0,0.0
54,West Virginia,2017,1110.0,1110.0,5251.0,5251.0,0.0,5251.0,0.0,0.0,0.0
54,West Virginia,2018,1088.0,1089.0,5418.0,5418.0,0.0,5418.0,0.0,0.0,0.0
54,West Virginia,2019,1115.0,1119.0,5696.0,5696.0,0.0,5696.0,0.0,0.0,0.0
54,West Virginia,2020,1094.0,1094.0,5225.0,5225.0,0.0,5225.0,0.0,0.0,0.0
55,Wisconsin,1994,6077.0,6098.0,31170.0,31170.0,0.0,31170.0,0.0,0.0,0.0
55,Wisconsin,1995,6297.0,6313.0,31315.0,31315.0,0.0,31315.0,0.0,0.0,0.0
55,Wisconsin,1996,5746.0,5753.0,28114.0,28114.0,0.0,28114.0,0.0,0.0,0.0
55,Wisconsin,1997,5497.0,5521.0,27124.0,27124.0,0.0,27124.0,0.0,0.0,0.0
55,Wisconsin,1998,5380.0,5385.0,25758.0,25758.0,0.0,25758.0,0.0,0.0,0.0
55,Wisconsin,1999,5762.0,5766.0,25567.0,25567.0,0.0,25567.0,0.0,0.0,0.0
55,Wisconsin,2000,5505.0,5512.0,24472.0,24472.0,0.0,24472.0,0.0,0.0,0.0
55,Wisconsin,2001,5038.0,5046.0,22964.0,22964.0,0.0,22964.0,0.0,0.0,0.0
55,Wisconsin,2002,5054.0,5060.0,24627.0,24627.0,0.0,24627.0,0.0,0.0,0.0
55,Wisconsin,2003,4925.0,4926.0,22989.0,22989.0,0.0,22989.0,0.0,0.0,0.0
55,Wisconsin,2004,5228.0,5234.0,26025.0,26025.0,0.0,26025.0,0.0,0.0,0.0
55,Wisconsin,2005,5699.0,5703.0,27070.0,27070.0,0.0,27070.0,0.0,0.0,0.0
55,Wisconsin,2006,5566.0,5570.0,27990.0,27990.0,0.0,27990.0,0.0,0.0,0.0
55,Wisconsin,2007,5409.0,5412.0,25674.0,25674.0,0.0,25674.0,0.0,0.0,0.0
55,Wisconsin,2008,4621.0,4630.0,22396.0,22396.0,0.0,22396.0,0.0,0.0,0.0
55,Wisconsin,2009,4525.0,4527.0,21415.0,21415.0,0.0,21415.0,0.0,0.0,0.0
55,Wisconsin,2010,3785.0,3787.0,18106.0,18106.0,0.0,18106.0,0.0,0.0,0.0
55,Wisconsin,2011,4071.0,4071.0,20810.0,20810.0,0.0,20810.0,0.0,0.0,0.0
55,Wisconsin,2012,4727.0,4727.0,21277.0,21277.0,0.0,21277.0,0.0,0.0,0.0
55,Wisconsin,2013,6396.0,6397.0,23371.0,23371.0,0.0,23371.0,0.0,0.0,0.0
55,Wisconsin,2014,6560.0,6560.0,22173.0,22173.0,0.0,22173.0,0.0,0.0,0.0
55,Wisconsin,2015,6579.0,6580.0,23632.0,23632.0,0.0,23632.0,0.0,0.0,0.0
55,Wisconsin,2016,7114.0,7120.0,24537.0,24537.0,0.0,24537.0,0.0,0.0,0.0
55,Wisconsin,2017,7258.0,7261.0,24153.0,24153.0,0.0,24153.0,0.0,0.0,0.0
55,Wisconsin,2018,6995.0,6997.0,22492.0,22492.0,0.0,22492.0,0.0,0.0,0.0
55,Wisconsin,2019,7020.0,7024.0,22034.0,22034.0,0.0,22034.0,0.0,0.0,0.0
55,Wisconsin,2020,6973.0,6978.0,20833.0,20833.0,0.0,20833.0,0.0,0.0,0.0
56,Wyoming,1994,974.0,975.0,3423.0,3423.0,0.0,3423.0,0.0,0.0,0.0
56,Wyoming,1995,965.0,966.0,3223.0,3223.0,0.0,3223.0,0.0,0.0,0.0
56,Wyoming,1996,986.0,986.0,3548.0,3548.0,0.0,3548.0,0.0,0.0,0.0
56,Wyoming,1997,918.0,919.0,3313.0,3313.0,0.0,3313.0,0.0,0.0,0.0
56,Wyoming,1998,980.0,983.0,3378.0,3378.0,0.0,3378.0,0.0,0.0,0.0
56,Wyoming,1999,943.0,943.0,3170.0,3170.0,0.0,3170.0,0.0,0.0,0.0
56,Wyoming,2000,884.0,884.0,3235.0,3235.0,0.0,3235.0,0.0,0.0,0.0
56,Wyoming,2001,1003.0,1004.0,4056.0,4056.0,0.0,4056.0,0.0,0.0,0.0
56,Wyoming,2002,1026.0,1027.0,3981.0,3981.0,0.0,3981.0,0.0,0.0,0.0
56,Wyoming,2003,905.0,905.0,3384.0,3384.0,0.0,3384.0,0.0,0.0,0.0
56,Wyoming,2004,962.0,963.0,3483.0,3483.0,0.0,3483.0,0.0,0.0,0.0
56,Wyoming,2005,1070.0,1073.0,3889.0,3889.0,0.0,3889.0,0.0,0.0,0.0
56,Wyoming,2006,1124.0,1125.0,4051.0,4051.0,0.0,4051.0,0.0,0.0,0.0
56,Wyoming,2007,1152.0,1152.0,3903.0,3903.0,0.0,3903.0,0.0,0.0,0.0
56,Wyoming,2008,1077.0,1078.0,3653.0,3653.0,0.0,3653.0,0.0,0.0,0.0
56,Wyoming,2009,893.0,893.0,2821.0,2821.0,0.0,2821.0,0.0,0.0,0.0
56,Wyoming,2010,736.0,736.0,2653.0,2653.0,0.0,2653.0,0.0,0.0,0.0
56,Wyoming,2011,838.0,842.0,3087.0,3087.0,0.0,3087.0,0.0,0.0,0.0
56,Wyoming,2012,884.0,884.0,2876.0,2876.0,0.0,2876.0,0.0,0.0,0.0
56,Wyoming,2013,810.0,810.0,3009.0,3009.0,0.0,3009.0,0.0,0.0,0.0
56,Wyoming,2014,744.0,747.0,2543.0,2543.0,0.0,2543.0,0.0,0.0,0.0
56,Wyoming,2015,1094.0,1099.0,3300.0,3300.0,0.0,3300.0,0.0,0.0,0.0
56,Wyoming,2016,969.0,969.0,2684.0,2684.0,0.0,2684.0,0.0,0.0,0.0
56,Wyoming,2017,860.0,861.0,2720.0,2720.0,0.0,2720.0,0.0,0.0,0.0
56,Wyoming,2018,800.0,802.0,2756.0,2756.0,0.0,2756.0,0.0,0.0,0.0
56,Wyoming,2019,967.0,968.0,3000.0,3000.0,0.0,3000.0,0.0,0.0,0.0
56,Wyoming,2020,1023.0,1023.0,3274.0,3274.0,0.0,3274.0,0.0,0.0,0.0
