fips,region,type,category,time,rne,ose
23,Maine,Total,Total,1996,0.003997458682523633,0.7599235264851789
33,New Hampshire,Total,Total,1996,0.0033856381397051375,0.9526710498487311
50,Vermont,Total,Total,1996,0.003257434265747905,0.5760453464089185
25,Massachusetts,Total,Total,1996,0.0021537485647444327,0.8021047915897676
44,Rhode Island,Total,Total,1996,0.0020045474687185516,0.746843856116328
09,Connecticut,Total,Total,1996,0.003754950406714366,0.8553207635884394
36,New York,Total,Total,1996,0.0027597066809966694,0.8163514036257852
34,New Jersey,Total,Total,1996,0.0016786411953769002,0.8856747776623739
42,Pennsylvania,Total,Total,1996,0.0019434689142101282,0.8201358593575362
39,Ohio,Total,Total,1996,0.0026966419356024784,0.81668437945941
18,Indiana,Total,Total,1996,0.0028208999790526055,0.9577898708954932
17,Illinois,Total,Total,1996,0.002824571624074156,0.8614017999734401
26,Michigan,Total,Total,1996,0.0019465646208816213,0.8478148971046537
55,Wisconsin,Total,Total,1996,0.0021003161916472606,0.8293471425625057
27,Minnesota,Total,Total,1996,0.0025812021823758105,0.7922766931432453
19,Iowa,Total,Total,1996,0.006232809834224998,0.8162253671368234
29,Missouri,Total,Total,1996,0.00329342760964956,0.8657316459823926
38,North Dakota,Total,Total,1996,0.005395612108257316,0.8334255780287463
46,South Dakota,Total,Total,1996,0.002925109630971466,0.8660521908318644
31,Nebraska,Total,Total,1996,0.0022549171218191493,0.7388521932449051
20,Kansas,Total,Total,1996,0.003888918759317231,0.9188751417894986
10,Delaware,Total,Total,1996,0.0027248661291434852,0.7537077083768682
24,Maryland,Total,Total,1996,0.002658430275786945,0.9487911003580725
11,District of Columbia,Total,Total,1996,0.0025493280325762802,0.7810798827637655
51,Virginia,Total,Total,1996,0.002635644250238996,0.9068703423749909
54,West Virginia,Total,Total,1996,0.001959942879301509,0.9268433307711959
37,North Carolina,Total,Total,1996,0.0033651221155007374,0.802791367348491
45,South Carolina,Total,Total,1996,0.003543930581913529,0.8565584879896525
13,Georgia,Total,Total,1996,0.0038546119722055096,0.9029608905023284
12,Florida,Total,Total,1996,0.0035279044579143485,0.7627743610296687
21,Kentucky,Total,Total,1996,0.0033230372291639656,0.6873704795894744
47,Tennessee,Total,Total,1996,0.005059248444522425,0.914228524110883
01,Alabama,Total,Total,1996,0.00268077361121125,0.7216688578470131
28,Mississippi,Total,Total,1996,0.002806352782910869,0.5214624931799126
05,Arkansas,Total,Total,1996,0.002924126406002894,0.8592307991451436
22,Louisiana,Total,Total,1996,0.0030995693207421624,0.7082062588238985
40,Oklahoma,Total,Total,1996,0.004293043833666836,0.8836838204515063
48,Texas,Total,Total,1996,0.003558848698731794,0.7375619990383047
30,Montana,Total,Total,1996,0.004024531437956535,0.8647264947935672
16,Idaho,Total,Total,1996,0.004360532917329596,0.8377623738793887
56,Wyoming,Total,Total,1996,0.0034647212589104365,0.8723380752304438
08,Colorado,Total,Total,1996,0.005460129437314637,0.8521005252548165
35,New Mexico,Total,Total,1996,0.004439367921704235,0.8047278302319654
04,Arizona,Total,Total,1996,0.003861373668684725,0.8864787683223403
49,Utah,Total,Total,1996,0.0032198418178628007,0.8638457853093744
32,Nevada,Total,Total,1996,0.0031980889160980693,0.8865144344760425
53,Washington,Total,Total,1996,0.0026552954473933804,0.7827385353562586
41,Oregon,Total,Total,1996,0.004265380657234521,0.7779454095713559
06,California,Total,Total,1996,0.003721997914758846,0.741251451860997
02,Alaska,Total,Total,1996,0.006800694677522768,0.6694536074226162
15,Hawaii,Total,Total,1996,0.0016359412113969014,0.8013097454247513
23,Maine,Total,Total,1997,0.003012541976158507,0.7598181931397161
33,New Hampshire,Total,Total,1997,0.0012692241011161038,0.8706447363547322
50,Vermont,Total,Total,1997,0.004884959128634018,0.8567467578402167
25,Massachusetts,Total,Total,1997,0.001881091691704117,0.6661823197939952
44,Rhode Island,Total,Total,1997,0.0014173866043100131,0.8645178800553479
09,Connecticut,Total,Total,1997,0.0014487241934584404,0.8867826179450965
36,New York,Total,Total,1997,0.0025888042279151513,0.7254768110105471
34,New Jersey,Total,Total,1997,0.0018712491444095622,0.8388874026667571
42,Pennsylvania,Total,Total,1997,0.0017205088419038088,0.6778773553197517
39,Ohio,Total,Total,1997,0.002660132393137315,0.8696189464277081
18,Indiana,Total,Total,1997,0.0018593014494930856,0.9239727375925794
17,Illinois,Total,Total,1997,0.002340638913896018,0.7533715596399363
26,Michigan,Total,Total,1997,0.0027443223599929517,0.7889954373437273
55,Wisconsin,Total,Total,1997,0.0021274539465848644,0.8134995282834201
27,Minnesota,Total,Total,1997,0.0027281503141360743,0.8133476480667701
19,Iowa,Total,Total,1997,0.003055209086020914,0.8420815418088798
29,Missouri,Total,Total,1997,0.0017616524614502938,0.7552543298009928
38,North Dakota,Total,Total,1997,0.005449946234113844,0.8698817712627874
46,South Dakota,Total,Total,1997,0.004916987372925577,0.8806885327246623
31,Nebraska,Total,Total,1997,0.00540347111899004,0.8891001003840985
20,Kansas,Total,Total,1997,0.002438107100571568,0.7365778930608792
10,Delaware,Total,Total,1997,0.002498684163916272,0.836642996444655
24,Maryland,Total,Total,1997,0.002414944026626383,0.807435208826882
11,District of Columbia,Total,Total,1997,0.0023255161998517035,0.9045154070184958
51,Virginia,Total,Total,1997,0.0030648606292520138,0.7881321099659624
54,West Virginia,Total,Total,1997,0.0011809861549185435,0.7604698740699523
37,North Carolina,Total,Total,1997,0.0023992232420468706,0.9000622080395693
45,South Carolina,Total,Total,1997,0.0026014172182536,0.8771030641816312
13,Georgia,Total,Total,1997,0.0022504484817246696,0.857655470118472
12,Florida,Total,Total,1997,0.0036188120651867513,0.8040143764143622
21,Kentucky,Total,Total,1997,0.0029465910271893095,0.7571636347054088
47,Tennessee,Total,Total,1997,0.002572793009794789,0.9516674923013976
01,Alabama,Total,Total,1997,0.002717991315165119,0.7746937381939646
28,Mississippi,Total,Total,1997,0.0019879651118012293,0.8643086011297157
05,Arkansas,Total,Total,1997,0.0038559161809172404,0.8100280903012548
22,Louisiana,Total,Total,1997,0.003414074265723075,0.8436794482721213
40,Oklahoma,Total,Total,1997,0.0029278330219781076,0.8728377201783698
48,Texas,Total,Total,1997,0.003034127089360379,0.8073811809998324
30,Montana,Total,Total,1997,0.0058841616005430985,0.7722446418828268
16,Idaho,Total,Total,1997,0.004356782650323712,0.771911851021362
56,Wyoming,Total,Total,1997,0.0033709930055508997,0.7145703709527442
08,Colorado,Total,Total,1997,0.003367299249575801,0.7705036669383546
35,New Mexico,Total,Total,1997,0.00566080848012745,0.8824097723344784
04,Arizona,Total,Total,1997,0.003550441068506565,0.6932548887790876
49,Utah,Total,Total,1997,0.002983392149798253,0.9210352149005467
32,Nevada,Total,Total,1997,0.003730243566570496,0.8331270194542075
53,Washington,Total,Total,1997,0.0035071546448067377,0.8697287303409883
41,Oregon,Total,Total,1997,0.0036389105778723667,0.8348639064129567
06,California,Total,Total,1997,0.003438221284560961,0.7253735083528874
02,Alaska,Total,Total,1997,0.005911375596538196,0.7327858435888585
15,Hawaii,Total,Total,1997,0.0022234639493717598,0.7788038619191288
23,Maine,Total,Total,1998,0.004638020545215511,0.8132174289211423
33,New Hampshire,Total,Total,1998,0.0030510567934939918,0.731458629996879
50,Vermont,Total,Total,1998,0.003587725181335003,0.7350881959250852
25,Massachusetts,Total,Total,1998,0.0020859325371027507,0.9233585246295158
44,Rhode Island,Total,Total,1998,0.0020230199292392216,0.6254153481905838
09,Connecticut,Total,Total,1998,0.0013305513031545981,0.7258093991662238
36,New York,Total,Total,1998,0.002847493593010346,0.8034171382046295
34,New Jersey,Total,Total,1998,0.002506773808261959,0.8726096689755416
42,Pennsylvania,Total,Total,1998,0.0013424339782327622,0.8284289366015164
39,Ohio,Total,Total,1998,0.002449661160546129,0.8437369819881385
18,Indiana,Total,Total,1998,0.0024811066691990706,0.7358973057665305
17,Illinois,Total,Total,1998,0.002342185183121413,0.7396558137521241
26,Michigan,Total,Total,1998,0.0024273250636488884,0.775221621058685
55,Wisconsin,Total,Total,1998,0.002686743881964779,0.8072103964322724
27,Minnesota,Total,Total,1998,0.003984545813359922,0.8730918585338104
19,Iowa,Total,Total,1998,0.0027032559465851023,0.8988713266369633
29,Missouri,Total,Total,1998,0.003759494872633386,0.8173448356360975
38,North Dakota,Total,Total,1998,0.0030987970832642344,0.7387275199552021
46,South Dakota,Total,Total,1998,0.004878387667781107,0.8299928484117385
31,Nebraska,Total,Total,1998,0.003276844415634271,0.9070966451170625
20,Kansas,Total,Total,1998,0.0033598958099705003,0.9037556716894617
10,Delaware,Total,Total,1998,0.0016443035581427258,0.899193067843032
24,Maryland,Total,Total,1998,0.0027465989705440343,0.6447079393306028
11,District of Columbia,Total,Total,1998,0.0031180539788733894,0.7354105477666729
51,Virginia,Total,Total,1998,0.002247553217724974,0.8011796650037979
54,West Virginia,Total,Total,1998,0.002396035910982442,0.9421488512629266
37,North Carolina,Total,Total,1998,0.0029625747211127684,0.801534212656931
45,South Carolina,Total,Total,1998,0.0031528485497209955,0.8965106149408117
13,Georgia,Total,Total,1998,0.0033907007521739516,0.8310810131825572
12,Florida,Total,Total,1998,0.0030590439389357143,0.8164042246884826
21,Kentucky,Total,Total,1998,0.0023428734759287006,0.8454394031653758
47,Tennessee,Total,Total,1998,0.002402412985497249,0.939162869066874
01,Alabama,Total,Total,1998,0.0015135924486420471,0.8327673033008028
28,Mississippi,Total,Total,1998,0.0037532779366171044,0.800226589513825
05,Arkansas,Total,Total,1998,0.003030000141867841,0.7605680513130167
22,Louisiana,Total,Total,1998,0.002759175787250707,0.8289138626915896
40,Oklahoma,Total,Total,1998,0.004178466688216265,0.884185075697625
48,Texas,Total,Total,1998,0.002555812548124787,0.7081841264080473
30,Montana,Total,Total,1998,0.005733379282844602,0.804305370554161
16,Idaho,Total,Total,1998,0.003190205137456673,0.763892125458899
56,Wyoming,Total,Total,1998,0.004215126192812743,0.8368736104562151
08,Colorado,Total,Total,1998,0.004563458004311737,0.8330857480847884
35,New Mexico,Total,Total,1998,0.006583054615268755,0.7922478413443904
04,Arizona,Total,Total,1998,0.004567766072315223,0.9088504550340802
49,Utah,Total,Total,1998,0.0034952629633305666,0.891975861173431
32,Nevada,Total,Total,1998,0.003750236739618906,0.66877911803766
53,Washington,Total,Total,1998,0.002282339824037318,1.0
41,Oregon,Total,Total,1998,0.004964542268432805,0.8762240718343254
06,California,Total,Total,1998,0.0032463458414998545,0.750000441387986
02,Alaska,Total,Total,1998,0.005400060927444829,0.7977005374551128
15,Hawaii,Total,Total,1998,0.0026002710328713345,0.9119062956408976
23,Maine,Total,Total,1999,0.003067630918384894,0.7218863170068742
33,New Hampshire,Total,Total,1999,0.0026175524550831565,0.8233151409459547
50,Vermont,Total,Total,1999,0.003802491358869586,0.7390607346362734
25,Massachusetts,Total,Total,1999,0.001213208323277859,0.5456956352132705
44,Rhode Island,Total,Total,1999,0.0013544066396783995,0.9004687018737508
09,Connecticut,Total,Total,1999,0.0026245026471384512,0.7361236641389036
36,New York,Total,Total,1999,0.002811819478090884,0.8776317630357889
34,New Jersey,Total,Total,1999,0.002452160314818809,0.8488346240979218
42,Pennsylvania,Total,Total,1999,0.0015190128494471048,0.9738258302162612
39,Ohio,Total,Total,1999,0.0028996956336013245,0.8168402495418902
18,Indiana,Total,Total,1999,0.00376045817853693,0.9205417202238094
17,Illinois,Total,Total,1999,0.002196934862155757,0.9594178610969911
26,Michigan,Total,Total,1999,0.002470929795836399,0.8674757685329952
55,Wisconsin,Total,Total,1999,0.001574374355386335,0.9090559910686772
27,Minnesota,Total,Total,1999,0.0025995621872643,0.8962676373589809
19,Iowa,Total,Total,1999,0.002786240658169498,0.8276877355650741
29,Missouri,Total,Total,1999,0.0016354945707767955,1.0
38,North Dakota,Total,Total,1999,0.003666342320643063,0.8811126505557307
46,South Dakota,Total,Total,1999,0.003156164344978425,0.8367097242589241
31,Nebraska,Total,Total,1999,0.002217089911062317,0.9331070611075535
20,Kansas,Total,Total,1999,0.0025078420656024342,0.8858880935444193
10,Delaware,Total,Total,1999,0.0010830272999724766,1.0
24,Maryland,Total,Total,1999,0.0031468128016767646,0.8613337427167616
11,District of Columbia,Total,Total,1999,0.001567240415235617,0.412822357035648
51,Virginia,Total,Total,1999,0.00176077103418107,0.877351783304353
54,West Virginia,Total,Total,1999,0.0018105653435274466,0.7858497857816799
37,North Carolina,Total,Total,1999,0.002965968507938281,0.9068941887655639
45,South Carolina,Total,Total,1999,0.00218481568153572,0.9149665996017257
13,Georgia,Total,Total,1999,0.0025844685602105736,0.8084212413883941
12,Florida,Total,Total,1999,0.0028673118653423967,0.8295280404786399
21,Kentucky,Total,Total,1999,0.0018177966550933565,1.0
47,Tennessee,Total,Total,1999,0.0023639828883558972,0.8975645860946443
01,Alabama,Total,Total,1999,0.001960095977624095,0.8700751616841216
28,Mississippi,Total,Total,1999,0.0034886707786493743,0.8554327379884559
05,Arkansas,Total,Total,1999,0.0028753550682819253,0.789579298844502
22,Louisiana,Total,Total,1999,0.0029304412523115863,0.860875843519947
40,Oklahoma,Total,Total,1999,0.0028203241999589235,0.9175871264853616
48,Texas,Total,Total,1999,0.0027436398803839957,0.8129147787188814
30,Montana,Total,Total,1999,0.00421622491911841,0.8013309237847351
16,Idaho,Total,Total,1999,0.003791252877409855,0.6800715138687522
56,Wyoming,Total,Total,1999,0.005139385140242333,0.8054308614653265
08,Colorado,Total,Total,1999,0.0036709142278626154,0.8331965720947129
35,New Mexico,Total,Total,1999,0.004608570889390901,0.8158506914917537
04,Arizona,Total,Total,1999,0.0019439505660588856,0.8635017457010998
49,Utah,Total,Total,1999,0.0026109835398525107,0.8354999621606773
32,Nevada,Total,Total,1999,0.0019056407151367962,0.5465245807608673
53,Washington,Total,Total,1999,0.0030528501274514883,0.8684720339206609
41,Oregon,Total,Total,1999,0.004046827173282031,0.7886452897010531
06,California,Total,Total,1999,0.0036291262933123665,0.765220563952358
02,Alaska,Total,Total,1999,0.004400298733898567,0.6369062776588802
15,Hawaii,Total,Total,1999,0.0030489877481847906,0.5963981632867901
23,Maine,Total,Total,2000,0.003269024285736034,0.9049279952722785
33,New Hampshire,Total,Total,2000,0.0022094486997776223,0.9140870960581348
50,Vermont,Total,Total,2000,0.0038532831405432718,0.8951728039342162
25,Massachusetts,Total,Total,2000,0.0015100292523970197,0.947300718900503
44,Rhode Island,Total,Total,2000,0.0012434131365708662,0.7213557618434953
09,Connecticut,Total,Total,2000,0.002219509868588338,0.8476529535659503
36,New York,Total,Total,2000,0.0033287967271176844,0.8489199931500329
34,New Jersey,Total,Total,2000,0.002077640724371049,0.7865147172708226
42,Pennsylvania,Total,Total,2000,0.0016599889967856688,0.9316976793768317
39,Ohio,Total,Total,2000,0.001718857934207558,0.9775642985740017
18,Indiana,Total,Total,2000,0.0028003741257647268,0.7653165058728357
17,Illinois,Total,Total,2000,0.0022635044304069093,0.8893091178661406
26,Michigan,Total,Total,2000,0.0023499375179755065,0.8382028925155691
55,Wisconsin,Total,Total,2000,0.004036526386927149,0.9083929008569017
27,Minnesota,Total,Total,2000,0.0019147968057376002,0.8850701150193266
19,Iowa,Total,Total,2000,0.003672477884845029,0.882872233636834
29,Missouri,Total,Total,2000,0.002123459445206464,0.8501093178844495
38,North Dakota,Total,Total,2000,0.004588836579822406,0.9279841811153935
46,South Dakota,Total,Total,2000,0.0037325841267607063,1.0
31,Nebraska,Total,Total,2000,0.003372944656053901,0.8378035149312942
20,Kansas,Total,Total,2000,0.002539264709357834,1.0
10,Delaware,Total,Total,2000,0.0022597546440199135,0.9146311102234831
24,Maryland,Total,Total,2000,0.0028543886899488912,0.8110130173161976
11,District of Columbia,Total,Total,2000,0.0038226948086880065,0.7256649416138182
51,Virginia,Total,Total,2000,0.0014850030945576403,0.909187684865667
54,West Virginia,Total,Total,2000,0.00218137286299347,0.8244451761368952
37,North Carolina,Total,Total,2000,0.0029772411181356708,0.8639214399306058
45,South Carolina,Total,Total,2000,0.002084635325520251,0.8403034144400086
13,Georgia,Total,Total,2000,0.002281672889750568,0.7851678779955695
12,Florida,Total,Total,2000,0.002926701510183307,0.9383845424483749
21,Kentucky,Total,Total,2000,0.0016226454945694779,1.0
47,Tennessee,Total,Total,2000,0.0023342394432710133,0.8940585414002653
01,Alabama,Total,Total,2000,0.0023115508934303404,0.5624334054104997
28,Mississippi,Total,Total,2000,0.004117803631109811,0.8912313500757484
05,Arkansas,Total,Total,2000,0.003496063596029663,1.0
22,Louisiana,Total,Total,2000,0.0034816843083993734,0.9213637461943779
40,Oklahoma,Total,Total,2000,0.0021130181105456078,0.7105473398847335
48,Texas,Total,Total,2000,0.003399037842943428,0.806529566116136
30,Montana,Total,Total,2000,0.004653744786347774,0.9165376560633551
16,Idaho,Total,Total,2000,0.004935792560048685,0.8795338090839323
56,Wyoming,Total,Total,2000,0.004420302384715271,0.9301157342126476
08,Colorado,Total,Total,2000,0.0038343741064048777,0.9107241616975735
35,New Mexico,Total,Total,2000,0.004648511792902737,0.9031463438503375
04,Arizona,Total,Total,2000,0.0038435250561604625,0.8885474758932386
49,Utah,Total,Total,2000,0.0036102800612117588,0.8869532585093822
32,Nevada,Total,Total,2000,0.0014173933462805167,0.7492602233587561
53,Washington,Total,Total,2000,0.002458201723387271,0.9417995671737909
41,Oregon,Total,Total,2000,0.004002941520140637,0.8327215682374861
06,California,Total,Total,2000,0.0029236038129754342,0.8497459788064077
02,Alaska,Total,Total,2000,0.005891677364373745,0.822691989903926
15,Hawaii,Total,Total,2000,0.0024326867978618407,0.8474024708368738
23,Maine,Total,Total,2001,0.0029449017131834383,0.8915772834286106
33,New Hampshire,Total,Total,2001,0.0023607085952622197,0.8802769872106868
50,Vermont,Total,Total,2001,0.0030089287946098095,0.6831633289411372
25,Massachusetts,Total,Total,2001,0.0016094310049014425,0.8935111091045185
44,Rhode Island,Total,Total,2001,0.001457108122548257,0.7573200743965409
09,Connecticut,Total,Total,2001,0.003279833970799556,0.8224938570954962
36,New York,Total,Total,2001,0.00238235481723686,0.8273538073447156
34,New Jersey,Total,Total,2001,0.002322647539089127,0.7510111317572462
42,Pennsylvania,Total,Total,2001,0.0018290476823503228,0.7563352566049435
39,Ohio,Total,Total,2001,0.0021019657730778846,0.6537581038270022
18,Indiana,Total,Total,2001,0.002574306887052544,1.0
17,Illinois,Total,Total,2001,0.002821501046689681,0.9552832008536704
26,Michigan,Total,Total,2001,0.002149130763172605,0.7512025307725524
55,Wisconsin,Total,Total,2001,0.002689333630035597,0.7358192819116006
27,Minnesota,Total,Total,2001,0.0019732888199666533,0.9118885999421533
19,Iowa,Total,Total,2001,0.0033409319400360955,0.884437471945231
29,Missouri,Total,Total,2001,0.0026262129263458093,0.9062041929936208
38,North Dakota,Total,Total,2001,0.001764869715413352,0.8591233430219272
46,South Dakota,Total,Total,2001,0.0035186301502482184,0.8790549466657746
31,Nebraska,Total,Total,2001,0.002982300987240121,0.9212945889508701
20,Kansas,Total,Total,2001,0.0033321205399538937,0.7757775110466701
10,Delaware,Total,Total,2001,0.0017100057533556447,0.8851474637867036
24,Maryland,Total,Total,2001,0.002311814354884088,0.6815353859183422
11,District of Columbia,Total,Total,2001,0.0025118291589859626,0.7548221585032951
51,Virginia,Total,Total,2001,0.002320610498151063,0.9470998231264771
54,West Virginia,Total,Total,2001,0.0009989187419058763,0.7042977844003097
37,North Carolina,Total,Total,2001,0.002670345805477479,0.8383037274999003
45,South Carolina,Total,Total,2001,0.0014267949301494066,1.0
13,Georgia,Total,Total,2001,0.0025758830378624187,0.6272639361986873
12,Florida,Total,Total,2001,0.0028983224987427754,0.8753158785202458
21,Kentucky,Total,Total,2001,0.003254320154603477,0.7184373562043945
47,Tennessee,Total,Total,2001,0.0014350550534628639,1.0
01,Alabama,Total,Total,2001,0.002265302978817746,0.8422718952262092
28,Mississippi,Total,Total,2001,0.00323570941724195,0.6849093539547093
05,Arkansas,Total,Total,2001,0.003855512848812571,0.9066802975027674
22,Louisiana,Total,Total,2001,0.0021188011579269263,0.8005982308673453
40,Oklahoma,Total,Total,2001,0.0031132293208470476,0.9595989442742225
48,Texas,Total,Total,2001,0.0036763933960457912,0.8590673281909903
30,Montana,Total,Total,2001,0.003511300546511739,0.84111885438912
16,Idaho,Total,Total,2001,0.003970440486105426,0.7902151268427665
56,Wyoming,Total,Total,2001,0.003123183231844066,0.9352213847405821
08,Colorado,Total,Total,2001,0.004289417809375436,0.9420647463424092
35,New Mexico,Total,Total,2001,0.0029322863619089838,0.9535337291119614
04,Arizona,Total,Total,2001,0.004517787897495861,0.7035380656372793
49,Utah,Total,Total,2001,0.002627589628521583,0.8632772927869368
32,Nevada,Total,Total,2001,0.0024701384495204805,0.869882231847661
53,Washington,Total,Total,2001,0.0035675145188186676,0.8169260849387893
41,Oregon,Total,Total,2001,0.0036512481902596272,0.8693596574774386
06,California,Total,Total,2001,0.0027270132100546854,0.815300683222765
02,Alaska,Total,Total,2001,0.005030879166065346,0.8211947343177185
15,Hawaii,Total,Total,2001,0.002357353735838197,0.7850722449718767
23,Maine,Total,Total,2002,0.0025008984633451328,0.800259204064067
33,New Hampshire,Total,Total,2002,0.00270270874802289,0.7256511068633579
50,Vermont,Total,Total,2002,0.002914247127477638,0.8539615044356829
25,Massachusetts,Total,Total,2002,0.0017410615016034184,0.6015359324967244
44,Rhode Island,Total,Total,2002,0.001281856201580343,0.6950123609150698
09,Connecticut,Total,Total,2002,0.001938375086528213,0.648710029562825
36,New York,Total,Total,2002,0.0031418192006002236,0.7904245982453981
34,New Jersey,Total,Total,2002,0.0022851412502192655,0.7297019000777433
42,Pennsylvania,Total,Total,2002,0.0013426622734818358,0.8469751393856183
39,Ohio,Total,Total,2002,0.001920646435851532,0.7742588564650948
18,Indiana,Total,Total,2002,0.002296437658382233,0.8234772728439443
17,Illinois,Total,Total,2002,0.002449868475102142,0.6351615577743082
26,Michigan,Total,Total,2002,0.002553182783406243,0.7865676007915929
55,Wisconsin,Total,Total,2002,0.00288662279033794,0.8229543081246857
27,Minnesota,Total,Total,2002,0.003273365516495257,0.8120912056724633
19,Iowa,Total,Total,2002,0.0018601028517117883,0.683401730836858
29,Missouri,Total,Total,2002,0.002735109168835237,0.8220713528600352
38,North Dakota,Total,Total,2002,0.0026173295751147387,0.802201699931533
46,South Dakota,Total,Total,2002,0.003693847376917116,0.9412430966355985
31,Nebraska,Total,Total,2002,0.0033553090119345006,0.9456481093287877
20,Kansas,Total,Total,2002,0.003377167013428837,0.8105813272325489
10,Delaware,Total,Total,2002,0.001093291920003978,1.0
24,Maryland,Total,Total,2002,0.003275203712187404,0.7617569794870476
11,District of Columbia,Total,Total,2002,0.00351539341965119,0.7860071169187806
51,Virginia,Total,Total,2002,0.002336514091244271,0.6676787955825232
54,West Virginia,Total,Total,2002,0.0014368084830573497,0.8031585624117222
37,North Carolina,Total,Total,2002,0.003713199370437262,0.6677380349449362
45,South Carolina,Total,Total,2002,0.0025358717665596724,0.5499370814848533
13,Georgia,Total,Total,2002,0.0017213098136548018,0.8691647041952214
12,Florida,Total,Total,2002,0.0027010985434662038,0.7731984849053676
21,Kentucky,Total,Total,2002,0.0026890602150672505,0.75001148480349
47,Tennessee,Total,Total,2002,0.0027045372235425854,0.8803548835823336
01,Alabama,Total,Total,2002,0.001991834750112299,0.8997912018967883
28,Mississippi,Total,Total,2002,0.0019413734008950911,0.5930750370349653
05,Arkansas,Total,Total,2002,0.0016347893985226949,0.741294355037419
22,Louisiana,Total,Total,2002,0.0026233788213966104,0.7716100783693287
40,Oklahoma,Total,Total,2002,0.0030290642074293057,0.7293261772236274
48,Texas,Total,Total,2002,0.003576722701912408,0.727156976560737
30,Montana,Total,Total,2002,0.004344803395458785,0.9213368351072836
16,Idaho,Total,Total,2002,0.003103067213997847,0.7691770010989211
56,Wyoming,Total,Total,2002,0.003065797921365603,0.9192239059944287
08,Colorado,Total,Total,2002,0.004081207169828081,0.825359194706014
35,New Mexico,Total,Total,2002,0.0034561365299569415,0.7674288942089147
04,Arizona,Total,Total,2002,0.002936978761006902,0.7701612424148067
49,Utah,Total,Total,2002,0.002980356738486215,0.685822025154207
32,Nevada,Total,Total,2002,0.002758570783430597,0.8154724287496724
53,Washington,Total,Total,2002,0.0019769226808946665,0.6977914214701113
41,Oregon,Total,Total,2002,0.00253106833443798,0.784742541750356
06,California,Total,Total,2002,0.0038740157666224038,0.8037349961985791
02,Alaska,Total,Total,2002,0.004602315892564951,0.872412493429632
15,Hawaii,Total,Total,2002,0.003362109035313073,0.8987949572117132
23,Maine,Total,Total,2003,0.0025718499552535184,0.735896141047771
33,New Hampshire,Total,Total,2003,0.0026167352612821372,0.9390847901323849
50,Vermont,Total,Total,2003,0.003124788819534374,0.8886409249638232
25,Massachusetts,Total,Total,2003,0.0020570903990008195,0.6149314635520543
44,Rhode Island,Total,Total,2003,0.0020714131913268626,0.5677640214669049
09,Connecticut,Total,Total,2003,0.0016560457329915282,0.823223991887493
36,New York,Total,Total,2003,0.0024901926681775983,0.7464287886540238
34,New Jersey,Total,Total,2003,0.0029107420339106755,0.849612245744799
42,Pennsylvania,Total,Total,2003,0.002214273574635223,0.8320448496306143
39,Ohio,Total,Total,2003,0.0022310522109710946,0.7093701433686308
18,Indiana,Total,Total,2003,0.0021574663785169784,0.71034469366188
17,Illinois,Total,Total,2003,0.0022910064131515585,0.7045223632818194
26,Michigan,Total,Total,2003,0.002880696545958591,0.7464897604251268
55,Wisconsin,Total,Total,2003,0.0025821519884977467,0.612611644294155
27,Minnesota,Total,Total,2003,0.0025630989283007,0.8174891202629563
19,Iowa,Total,Total,2003,0.0034051913089432648,0.7283853616415099
29,Missouri,Total,Total,2003,0.002098878619310683,0.7066365807296637
38,North Dakota,Total,Total,2003,0.004146491914146856,0.684325139020499
46,South Dakota,Total,Total,2003,0.002922273771361207,0.9685576953200982
31,Nebraska,Total,Total,2003,0.003364138213758765,0.9476848726040815
20,Kansas,Total,Total,2003,0.0020364508148242866,0.705985827858398
10,Delaware,Total,Total,2003,0.0017977780083945417,0.9382907431184432
24,Maryland,Total,Total,2003,0.0038584153558447387,0.7439458446944412
11,District of Columbia,Total,Total,2003,0.0021540461743777737,0.8179788165271636
51,Virginia,Total,Total,2003,0.002689780698768647,0.7178844323018966
54,West Virginia,Total,Total,2003,0.002686815820954233,0.9249702877503331
37,North Carolina,Total,Total,2003,0.002896189581797719,0.7337832916655518
45,South Carolina,Total,Total,2003,0.0026980535061206703,0.9267422677141064
13,Georgia,Total,Total,2003,0.0037069336942002567,0.8352464389396193
12,Florida,Total,Total,2003,0.002988347109667744,0.805301528129553
21,Kentucky,Total,Total,2003,0.0030729760182550817,0.8057766536270609
47,Tennessee,Total,Total,2003,0.0026097583192182163,0.8268961188146415
01,Alabama,Total,Total,2003,0.0008587056927307586,0.8394306162628344
28,Mississippi,Total,Total,2003,0.0021452555330027487,0.8779016828103515
05,Arkansas,Total,Total,2003,0.0031679446214325016,0.7595259894776857
22,Louisiana,Total,Total,2003,0.0034191126498126553,0.8322166667275711
40,Oklahoma,Total,Total,2003,0.0034257461380254872,0.8573860911101568
48,Texas,Total,Total,2003,0.004461705401681369,0.7696012199572404
30,Montana,Total,Total,2003,0.006632312415290263,0.841267767824394
16,Idaho,Total,Total,2003,0.0035386733457060124,0.9128124206398551
56,Wyoming,Total,Total,2003,0.00401857554985676,0.8080177266527081
08,Colorado,Total,Total,2003,0.0038076730443352596,0.7595078501033594
35,New Mexico,Total,Total,2003,0.005884178789738749,0.6210055312434123
04,Arizona,Total,Total,2003,0.0031844314950319045,0.7501964999661621
49,Utah,Total,Total,2003,0.002897162475218179,0.83463066434152
32,Nevada,Total,Total,2003,0.002582675311923847,0.8284731846291646
53,Washington,Total,Total,2003,0.003342261230354322,0.6981367223752227
41,Oregon,Total,Total,2003,0.003881326615370036,0.7369491875992
06,California,Total,Total,2003,0.003831992951476488,0.7714901992988542
02,Alaska,Total,Total,2003,0.005120460902291238,0.7623570017649571
15,Hawaii,Total,Total,2003,0.0022965732860280768,0.9001671349681623
23,Maine,Total,Total,2004,0.0039462331654285645,0.8093337808327655
33,New Hampshire,Total,Total,2004,0.0021011102449025633,0.8433299103672511
50,Vermont,Total,Total,2004,0.0042427626428534005,0.7530728035561242
25,Massachusetts,Total,Total,2004,0.0018979512091905355,0.7537025444484465
44,Rhode Island,Total,Total,2004,0.0031125968363259924,0.8853855031998851
09,Connecticut,Total,Total,2004,0.002003839205106219,0.7329311568481113
36,New York,Total,Total,2004,0.0025517660528374753,0.777635506605273
34,New Jersey,Total,Total,2004,0.0022583683477038867,0.7095703521285667
42,Pennsylvania,Total,Total,2004,0.0016778536302308133,0.7987634242093492
39,Ohio,Total,Total,2004,0.002618848981687835,0.7536897282336927
18,Indiana,Total,Total,2004,0.0023031395526370976,0.7769561327162291
17,Illinois,Total,Total,2004,0.002777703604978053,0.7545182513652425
26,Michigan,Total,Total,2004,0.001843825376610708,0.6763838354795373
55,Wisconsin,Total,Total,2004,0.002934496895798762,0.6843648255909017
27,Minnesota,Total,Total,2004,0.002999508012634137,0.7912937753515765
19,Iowa,Total,Total,2004,0.002536115959513532,0.7219685027094979
29,Missouri,Total,Total,2004,0.002282792509189544,0.8928129717892987
38,North Dakota,Total,Total,2004,0.002230833953020102,0.9453319052579321
46,South Dakota,Total,Total,2004,0.003201932137255303,0.8627057613784576
31,Nebraska,Total,Total,2004,0.0034247163755008886,0.8639488293370233
20,Kansas,Total,Total,2004,0.0030560259301864877,0.7845422884816348
10,Delaware,Total,Total,2004,0.0014992717631865523,0.7602651660959027
24,Maryland,Total,Total,2004,0.0027149370552113543,0.9003400903645709
11,District of Columbia,Total,Total,2004,0.0019028957751228862,0.7481910078567157
51,Virginia,Total,Total,2004,0.0025993836506469307,0.7866955046608001
54,West Virginia,Total,Total,2004,0.0018374506984066088,0.9408247902099924
37,North Carolina,Total,Total,2004,0.0024440230329981377,0.6425634302067467
45,South Carolina,Total,Total,2004,0.0022860831218046397,0.9461123901818292
13,Georgia,Total,Total,2004,0.00358819088251756,0.8613618206670925
12,Florida,Total,Total,2004,0.003021049010134279,0.8241585905349382
21,Kentucky,Total,Total,2004,0.0028160975945351594,0.8834488622637219
47,Tennessee,Total,Total,2004,0.0027937939585647845,0.8672964367954104
01,Alabama,Total,Total,2004,0.0030117626613361584,0.7853949964412477
28,Mississippi,Total,Total,2004,0.003662268616947173,0.798783380489454
05,Arkansas,Total,Total,2004,0.004071696355512319,0.7857064978883667
22,Louisiana,Total,Total,2004,0.003150039343998921,0.7311161078230128
40,Oklahoma,Total,Total,2004,0.004525734985914691,0.7988492291268839
48,Texas,Total,Total,2004,0.003737203426047822,0.7727403523906758
30,Montana,Total,Total,2004,0.006381851785817426,0.832236407979394
16,Idaho,Total,Total,2004,0.004756958623726864,0.9113783893277475
56,Wyoming,Total,Total,2004,0.00426905444231168,0.9345349935635997
08,Colorado,Total,Total,2004,0.003751925360352299,0.8302070267952897
35,New Mexico,Total,Total,2004,0.004608458947473314,0.8793251698733054
04,Arizona,Total,Total,2004,0.003703479927354017,0.787133908893493
49,Utah,Total,Total,2004,0.0030924910615453415,0.7105630166906918
32,Nevada,Total,Total,2004,0.0027667341161410025,0.97994024113828
53,Washington,Total,Total,2004,0.00442160449896025,0.8576089530403784
41,Oregon,Total,Total,2004,0.003387364943288175,0.7732278452394626
06,California,Total,Total,2004,0.003938362042247865,0.787503821801062
02,Alaska,Total,Total,2004,0.0039469036777940655,0.786885324511378
15,Hawaii,Total,Total,2004,0.0023754753547742106,0.830767829757977
23,Maine,Total,Total,2005,0.003507962057950287,0.8301673926179858
33,New Hampshire,Total,Total,2005,0.0024286619287626847,0.9031819895680295
50,Vermont,Total,Total,2005,0.005178283697497115,0.7987094703401534
25,Massachusetts,Total,Total,2005,0.0024558313356737504,0.6451199098753466
44,Rhode Island,Total,Total,2005,0.0022246273794448456,0.6938244312388708
09,Connecticut,Total,Total,2005,0.0028059199255282812,0.8398487570940769
36,New York,Total,Total,2005,0.002688881413813792,0.7868833001881123
34,New Jersey,Total,Total,2005,0.0027269732030439234,0.8346035433398837
42,Pennsylvania,Total,Total,2005,0.0017678497661423247,0.6938711384697784
39,Ohio,Total,Total,2005,0.0025340902455356063,0.730276104371263
18,Indiana,Total,Total,2005,0.0031353539491956847,0.7682289679206257
17,Illinois,Total,Total,2005,0.002546034630611426,0.7554510161491576
26,Michigan,Total,Total,2005,0.002163147395168821,0.8443352864727388
55,Wisconsin,Total,Total,2005,0.00335850448170195,0.9117793443115081
27,Minnesota,Total,Total,2005,0.0030905170063040355,0.7738752317857127
19,Iowa,Total,Total,2005,0.0034665919707425608,0.7613295606389244
29,Missouri,Total,Total,2005,0.002209898824403574,0.6846192430306219
38,North Dakota,Total,Total,2005,0.003048388510891952,0.8709297662002099
46,South Dakota,Total,Total,2005,0.0032216731983883253,0.9625438758033105
31,Nebraska,Total,Total,2005,0.001994296038444831,0.8332888696615639
20,Kansas,Total,Total,2005,0.002338551550058551,0.9489845929730465
10,Delaware,Total,Total,2005,0.0014648190642187371,0.7411566185093805
24,Maryland,Total,Total,2005,0.004495600083518216,0.7506562956266574
11,District of Columbia,Total,Total,2005,0.0020308428974553654,0.8778077997657495
51,Virginia,Total,Total,2005,0.002263679282123273,0.8069211579571545
54,West Virginia,Total,Total,2005,0.0016362434271741208,0.759362720906408
37,North Carolina,Total,Total,2005,0.0020467992967218625,0.7206427383658228
45,South Carolina,Total,Total,2005,0.002314290069238516,0.6715098590188955
13,Georgia,Total,Total,2005,0.0035768348722757907,0.8560734825278896
12,Florida,Total,Total,2005,0.0026316129289609973,0.8421019623989444
21,Kentucky,Total,Total,2005,0.0013398758515157495,1.0
47,Tennessee,Total,Total,2005,0.0022547360917305422,0.5242049415478385
01,Alabama,Total,Total,2005,0.001427011854311878,0.7506008624919044
28,Mississippi,Total,Total,2005,0.004345795772543348,0.8292076757381311
05,Arkansas,Total,Total,2005,0.004270349496565901,0.8698635911803536
22,Louisiana,Total,Total,2005,0.0026592279070910417,0.7517693078319102
40,Oklahoma,Total,Total,2005,0.004337643423506343,0.8204362618835807
48,Texas,Total,Total,2005,0.0032521395014934586,0.8609966310602734
30,Montana,Total,Total,2005,0.005079771880021215,0.931795351816159
16,Idaho,Total,Total,2005,0.004769711376473066,0.7583124461600241
56,Wyoming,Total,Total,2005,0.004607573860559315,0.8666403813687287
08,Colorado,Total,Total,2005,0.005284998615816074,0.8639900923766245
35,New Mexico,Total,Total,2005,0.004678721227397114,0.8137983209147565
04,Arizona,Total,Total,2005,0.002802051746080756,0.6778334127114487
49,Utah,Total,Total,2005,0.003886909832010298,0.8340060911155539
32,Nevada,Total,Total,2005,0.0034917483403415148,0.6695864286310702
53,Washington,Total,Total,2005,0.0023026986339864603,0.6359426036866824
41,Oregon,Total,Total,2005,0.003329224082134638,0.6746017923507612
06,California,Total,Total,2005,0.003091096169608162,0.8017278023411489
02,Alaska,Total,Total,2005,0.004365064807395848,0.8112327663939821
15,Hawaii,Total,Total,2005,0.0034964393897728738,0.8629606999555978
23,Maine,Total,Total,2006,0.004200893092187362,0.8256277145092825
33,New Hampshire,Total,Total,2006,0.0024215028242416275,0.7178168735258793
50,Vermont,Total,Total,2006,0.004201895368493846,0.7704399011786948
25,Massachusetts,Total,Total,2006,0.0034632830136787363,0.7792740357645799
44,Rhode Island,Total,Total,2006,0.0030612525658733863,0.6701011376562547
09,Connecticut,Total,Total,2006,0.003097751959041662,0.8260697121170344
36,New York,Total,Total,2006,0.0034121979122034153,0.9090465236847708
34,New Jersey,Total,Total,2006,0.002561305593599272,0.8182309331674509
42,Pennsylvania,Total,Total,2006,0.0019320375085475204,0.8188704175964899
39,Ohio,Total,Total,2006,0.0021805194709488664,0.7881893952059742
18,Indiana,Total,Total,2006,0.0024624124023473865,0.6970819948617473
17,Illinois,Total,Total,2006,0.0019920214121664096,0.7427613036803098
26,Michigan,Total,Total,2006,0.0019514098034039574,0.8653135597631405
55,Wisconsin,Total,Total,2006,0.0026632435492754394,0.7977676156905315
27,Minnesota,Total,Total,2006,0.002846741789199683,0.9275775069809831
19,Iowa,Total,Total,2006,0.0028604562043621825,0.9079021650496476
29,Missouri,Total,Total,2006,0.0023249941518602257,0.6480890307965284
38,North Dakota,Total,Total,2006,0.00277361845452245,0.7459460998966114
46,South Dakota,Total,Total,2006,0.0039602789722164395,0.7973642182382834
31,Nebraska,Total,Total,2006,0.0029113401833360613,0.8586128280574291
20,Kansas,Total,Total,2006,0.002206701334649069,0.7690385240736359
10,Delaware,Total,Total,2006,0.002070415981152738,0.6734520125526843
24,Maryland,Total,Total,2006,0.0024921490511099964,0.7491434623354812
11,District of Columbia,Total,Total,2006,0.0030509679495411305,0.6272634973498484
51,Virginia,Total,Total,2006,0.0030138546933028898,0.8255122697914363
54,West Virginia,Total,Total,2006,0.0023735445541055106,0.9379945249342608
37,North Carolina,Total,Total,2006,0.0023190969728832792,0.8694392387813152
45,South Carolina,Total,Total,2006,0.0022321869856273984,0.9567307172500418
13,Georgia,Total,Total,2006,0.004360344694024773,0.8983293784557302
12,Florida,Total,Total,2006,0.0033341328298018623,0.8446395860113014
21,Kentucky,Total,Total,2006,0.0026220945620500126,0.7671417235253791
47,Tennessee,Total,Total,2006,0.002637235683087287,0.8731756961055186
01,Alabama,Total,Total,2006,0.0029292553232253974,0.6713694278796588
28,Mississippi,Total,Total,2006,0.004794913996038173,0.724841513393334
05,Arkansas,Total,Total,2006,0.004067917513756902,0.5994178725497047
22,Louisiana,Total,Total,2006,0.003244921664161003,0.8361420595769423
40,Oklahoma,Total,Total,2006,0.003974406091438585,0.7841152334979792
48,Texas,Total,Total,2006,0.0033961348988386804,0.7557432739556732
30,Montana,Total,Total,2006,0.005861091573728467,0.9134689552391166
16,Idaho,Total,Total,2006,0.0035881066520605633,0.8130733022521907
56,Wyoming,Total,Total,2006,0.0030495095380875556,0.8332202298271422
08,Colorado,Total,Total,2006,0.0029805967163423074,0.7993040238381096
35,New Mexico,Total,Total,2006,0.003629116967923068,0.8083847248495496
04,Arizona,Total,Total,2006,0.0030965626113441274,0.7460946941380568
49,Utah,Total,Total,2006,0.0029564032041157844,0.9091911859899053
32,Nevada,Total,Total,2006,0.0031950808910672537,0.8504327444992619
53,Washington,Total,Total,2006,0.0026324643860343856,0.8265408797228758
41,Oregon,Total,Total,2006,0.0036647176530808386,0.8373878052082439
06,California,Total,Total,2006,0.003475738346438512,0.77429363541723
02,Alaska,Total,Total,2006,0.002745439234657061,0.8755367083891977
15,Hawaii,Total,Total,2006,0.003924143745994631,0.848939141253759
23,Maine,Total,Total,2007,0.0030022147716815555,0.8904629915299147
33,New Hampshire,Total,Total,2007,0.0029911008170547242,0.7982822650964263
50,Vermont,Total,Total,2007,0.00401076179963885,0.8463859633339716
25,Massachusetts,Total,Total,2007,0.0026447316272621953,0.8300697758445638
44,Rhode Island,Total,Total,2007,0.0019346434887703313,0.8166352154432052
09,Connecticut,Total,Total,2007,0.002038803222985207,0.8057034833280271
36,New York,Total,Total,2007,0.0034089389803107625,0.8297318699276724
34,New Jersey,Total,Total,2007,0.0026981386918248224,0.8327099485485984
42,Pennsylvania,Total,Total,2007,0.0014103753134852798,0.6549135039048747
39,Ohio,Total,Total,2007,0.0019285216277781716,0.7893073012235285
18,Indiana,Total,Total,2007,0.0023512629741910232,0.6687034020166187
17,Illinois,Total,Total,2007,0.0019273824833467876,0.8019621284616324
26,Michigan,Total,Total,2007,0.0027201042139341587,0.7597050024318676
55,Wisconsin,Total,Total,2007,0.0028317583909207265,0.6941309247402224
27,Minnesota,Total,Total,2007,0.0030476115676268986,0.6752972797666617
19,Iowa,Total,Total,2007,0.002832753310535191,0.8806530082560632
29,Missouri,Total,Total,2007,0.002603255393049793,0.8020388122625691
38,North Dakota,Total,Total,2007,0.0025797093976995113,0.6983795715622939
46,South Dakota,Total,Total,2007,0.002914716114071975,0.8354854596702245
31,Nebraska,Total,Total,2007,0.00299700804907781,0.9159666551242366
20,Kansas,Total,Total,2007,0.0026056651756269466,0.8248194150843078
10,Delaware,Total,Total,2007,0.001256710338171294,1.0
24,Maryland,Total,Total,2007,0.0031974758635398247,0.8478342712933095
11,District of Columbia,Total,Total,2007,0.004328700353291067,0.9275835408450833
51,Virginia,Total,Total,2007,0.00217048573379192,0.6579267626608132
54,West Virginia,Total,Total,2007,0.0006761368214273117,1.0
37,North Carolina,Total,Total,2007,0.003089180110821612,0.7272655113555686
45,South Carolina,Total,Total,2007,0.0023654725164706397,0.9424253870483746
13,Georgia,Total,Total,2007,0.004039929362329494,0.8354690127169868
12,Florida,Total,Total,2007,0.003609374992035833,0.8358695018968193
21,Kentucky,Total,Total,2007,0.0027941884830097415,0.732181819461453
47,Tennessee,Total,Total,2007,0.004284839635656371,0.8036602236063115
01,Alabama,Total,Total,2007,0.0008396156896513945,0.7992701565153282
28,Mississippi,Total,Total,2007,0.0031460043632810008,0.7461447763530349
05,Arkansas,Total,Total,2007,0.003118704714864548,0.9011797149375728
22,Louisiana,Total,Total,2007,0.004516079837633321,0.8684775881536221
40,Oklahoma,Total,Total,2007,0.0038682525269925954,0.8609188519185506
48,Texas,Total,Total,2007,0.002864859183976705,0.791515974062848
30,Montana,Total,Total,2007,0.003165041335268709,0.8002793310228169
16,Idaho,Total,Total,2007,0.004929728985987168,0.8472481446350655
56,Wyoming,Total,Total,2007,0.004211390169911787,0.8947466694097537
08,Colorado,Total,Total,2007,0.0032249790167085722,0.8196143943003382
35,New Mexico,Total,Total,2007,0.002238658291519602,0.8566287661002993
04,Arizona,Total,Total,2007,0.004181358948671331,0.8464671957230638
49,Utah,Total,Total,2007,0.003698841719284801,0.8856384258697917
32,Nevada,Total,Total,2007,0.0029494721175194064,0.8611855117086795
53,Washington,Total,Total,2007,0.002257650173838931,0.6247776634749251
41,Oregon,Total,Total,2007,0.0035731235902456224,0.8518841428260172
06,California,Total,Total,2007,0.004117652927976518,0.8033126820881087
02,Alaska,Total,Total,2007,0.003602758043042679,0.815225488903816
15,Hawaii,Total,Total,2007,0.002310891888716423,0.8643807328599721
23,Maine,Total,Total,2008,0.0034797604778277896,0.8124704788223537
33,New Hampshire,Total,Total,2008,0.002397709244336473,0.7674806681616655
50,Vermont,Total,Total,2008,0.0029426954042527,0.8173865321276383
25,Massachusetts,Total,Total,2008,0.002263903994149786,0.6325069870724678
44,Rhode Island,Total,Total,2008,0.0024798583900216436,0.7590672191846592
09,Connecticut,Total,Total,2008,0.0029783687646056634,0.8208013229130591
36,New York,Total,Total,2008,0.0038566447382451735,0.8646280525560752
34,New Jersey,Total,Total,2008,0.002694976352109312,0.9386638181689164
42,Pennsylvania,Total,Total,2008,0.0013594440399326217,0.8289642730968034
39,Ohio,Total,Total,2008,0.0018438894335704409,0.7078886564834261
18,Indiana,Total,Total,2008,0.0027889349502545338,0.8814049850537119
17,Illinois,Total,Total,2008,0.003057318944849529,0.7476128189121818
26,Michigan,Total,Total,2008,0.0027942827122403578,0.850413197962152
55,Wisconsin,Total,Total,2008,0.0017353631285133197,0.9496181389937487
27,Minnesota,Total,Total,2008,0.002362793964339317,0.6908098856611162
19,Iowa,Total,Total,2008,0.002033374721454883,0.9202131459152755
29,Missouri,Total,Total,2008,0.00130923182214473,0.7437354759506143
38,North Dakota,Total,Total,2008,0.0026970040855374953,0.9005935708715767
46,South Dakota,Total,Total,2008,0.002886347200497639,0.964813715032776
31,Nebraska,Total,Total,2008,0.0029353883339933258,1.0
20,Kansas,Total,Total,2008,0.0023298107798290666,1.0
10,Delaware,Total,Total,2008,0.0015625470684357784,0.7812783268709834
24,Maryland,Total,Total,2008,0.002244697874670229,0.6736511296387416
11,District of Columbia,Total,Total,2008,0.00315928645158837,0.9141682749602499
51,Virginia,Total,Total,2008,0.0020388981395379046,0.8207210176988606
54,West Virginia,Total,Total,2008,0.0014742882763953754,0.8961079613719377
37,North Carolina,Total,Total,2008,0.002528172527107465,0.8254431338135559
45,South Carolina,Total,Total,2008,0.0024543834139064283,0.8095720471603932
13,Georgia,Total,Total,2008,0.005709731899707002,0.8403209283582853
12,Florida,Total,Total,2008,0.0036340654930888698,0.8745437674668388
21,Kentucky,Total,Total,2008,0.0037705894855916268,0.6807913708212234
47,Tennessee,Total,Total,2008,0.003414801809305717,0.8076833590060404
01,Alabama,Total,Total,2008,0.0021097079054718314,0.7853631045293957
28,Mississippi,Total,Total,2008,0.0038130938696639347,0.8959490887540603
05,Arkansas,Total,Total,2008,0.004044638765602892,0.8563230401208772
22,Louisiana,Total,Total,2008,0.0028059720131877277,0.7598687073501859
40,Oklahoma,Total,Total,2008,0.0026099894600448217,1.0
48,Texas,Total,Total,2008,0.003510644292422508,0.7901756580936968
30,Montana,Total,Total,2008,0.005904811224106023,0.8470654370604095
16,Idaho,Total,Total,2008,0.0033548409252230856,0.7847494543865599
56,Wyoming,Total,Total,2008,0.0028736901331628743,0.9197283388677353
08,Colorado,Total,Total,2008,0.0042665280177099155,0.7942143260727087
35,New Mexico,Total,Total,2008,0.005936045842702803,0.7563704287181122
04,Arizona,Total,Total,2008,0.0053355344872777054,0.8533499404665043
49,Utah,Total,Total,2008,0.0030992607295651535,0.9232180307146147
32,Nevada,Total,Total,2008,0.0037084889159731114,0.6275733749175543
53,Washington,Total,Total,2008,0.0027258278994824223,0.8484089959583612
41,Oregon,Total,Total,2008,0.003714346596935361,0.7034774214299546
06,California,Total,Total,2008,0.004299230927734345,0.7466486918961883
02,Alaska,Total,Total,2008,0.004190490150683217,0.649559049375112
15,Hawaii,Total,Total,2008,0.0019276407519230835,0.8374762109875071
23,Maine,Total,Total,2009,0.003376813976084007,0.6854697573798391
33,New Hampshire,Total,Total,2009,0.00284093435051655,0.8252031164494384
50,Vermont,Total,Total,2009,0.003725067957807163,0.8062753677427479
25,Massachusetts,Total,Total,2009,0.003342230800402766,0.7351682238558109
44,Rhode Island,Total,Total,2009,0.00243647089110789,0.5959242236997156
09,Connecticut,Total,Total,2009,0.0028575004890061414,0.7020549989536201
36,New York,Total,Total,2009,0.003438136946568007,0.7418757329778168
34,New Jersey,Total,Total,2009,0.003347079697944153,0.8136433379849752
42,Pennsylvania,Total,Total,2009,0.002000232737862804,0.8110631488494018
39,Ohio,Total,Total,2009,0.002709443115645823,0.7277516164787862
18,Indiana,Total,Total,2009,0.0027753521505197733,0.7795049537401909
17,Illinois,Total,Total,2009,0.002436736004188166,0.6650313857358848
26,Michigan,Total,Total,2009,0.0029840640087935733,0.7457015992920795
55,Wisconsin,Total,Total,2009,0.002988618699996048,0.7254672718312594
27,Minnesota,Total,Total,2009,0.002206497344694185,0.6746470792809798
19,Iowa,Total,Total,2009,0.0023174827326001702,0.8639299385045975
29,Missouri,Total,Total,2009,0.0027378597427545346,0.7375554750413268
38,North Dakota,Total,Total,2009,0.0031850597763094005,0.9170616078293126
46,South Dakota,Total,Total,2009,0.004273916273135165,0.8886710820763046
31,Nebraska,Total,Total,2009,0.001989945513625042,0.8777461137346071
20,Kansas,Total,Total,2009,0.002330152182933563,0.7245129610895589
10,Delaware,Total,Total,2009,0.003002918658917932,0.7364225968356796
24,Maryland,Total,Total,2009,0.002912175479875837,0.717816420461403
11,District of Columbia,Total,Total,2009,0.0031953328267947238,0.6278033183581091
51,Virginia,Total,Total,2009,0.0026997656514587726,0.7688036710588024
54,West Virginia,Total,Total,2009,0.0034625873577135086,0.8914744331449558
37,North Carolina,Total,Total,2009,0.002499255781150842,0.8100198174651106
45,South Carolina,Total,Total,2009,0.0023092826398916403,0.8508173988080668
13,Georgia,Total,Total,2009,0.004356147162398273,0.6023880769317187
12,Florida,Total,Total,2009,0.004354418226997565,0.7288165746203046
21,Kentucky,Total,Total,2009,0.00247001156233057,0.8232976668167096
47,Tennessee,Total,Total,2009,0.0036252373279011046,0.3776384301487712
01,Alabama,Total,Total,2009,0.0021493757855079263,0.8072341952450074
28,Mississippi,Total,Total,2009,0.0016951470767123241,0.5002499819986723
05,Arkansas,Total,Total,2009,0.0036442062489035632,0.5600498616665665
22,Louisiana,Total,Total,2009,0.004296701483480198,0.7172871078042529
40,Oklahoma,Total,Total,2009,0.004717178453225303,0.8451755404088863
48,Texas,Total,Total,2009,0.004536049941047268,0.8137946929961097
30,Montana,Total,Total,2009,0.00468950994796082,0.5966610767671398
16,Idaho,Total,Total,2009,0.004529714783117766,0.6652887518058324
56,Wyoming,Total,Total,2009,0.003264062890481958,0.8195315169669367
08,Colorado,Total,Total,2009,0.003785954012363076,0.6210908621845257
35,New Mexico,Total,Total,2009,0.0025636499537119157,0.8213019717369262
04,Arizona,Total,Total,2009,0.004562730122693685,0.8200654942124933
49,Utah,Total,Total,2009,0.0036218799160231433,0.7658831444032792
32,Nevada,Total,Total,2009,0.003757642479476033,0.7830302558023021
53,Washington,Total,Total,2009,0.0024031025937449086,0.6743290829751898
41,Oregon,Total,Total,2009,0.003814322646592108,0.7534107707071858
06,California,Total,Total,2009,0.004092836627717939,0.7372811481957784
02,Alaska,Total,Total,2009,0.003403820487124743,0.8055571406675072
15,Hawaii,Total,Total,2009,0.002682790031883401,0.7947757210069232
23,Maine,Total,Total,2010,0.0028746460338889062,0.7329056608428998
33,New Hampshire,Total,Total,2010,0.002496969448969824,0.6673980750382655
50,Vermont,Total,Total,2010,0.004486154393518477,0.6897610569709985
25,Massachusetts,Total,Total,2010,0.0032246256766708357,0.8627390598361249
44,Rhode Island,Total,Total,2010,0.0025337940824036575,0.6293780855777884
09,Connecticut,Total,Total,2010,0.002367450903517549,0.7586101296969383
36,New York,Total,Total,2010,0.003624361828389348,0.7479935453351276
34,New Jersey,Total,Total,2010,0.002457811473718099,0.7303916794838973
42,Pennsylvania,Total,Total,2010,0.0017848143401697689,0.8440134547483439
39,Ohio,Total,Total,2010,0.0030075864672773358,0.6950778049340288
18,Indiana,Total,Total,2010,0.001940073227119201,0.8394262596259364
17,Illinois,Total,Total,2010,0.0025897624602586383,0.7533019139328231
26,Michigan,Total,Total,2010,0.0024686837335301816,0.6316137812975956
55,Wisconsin,Total,Total,2010,0.001797006323336574,0.7298102657364212
27,Minnesota,Total,Total,2010,0.002109593195775577,0.6564647161677767
19,Iowa,Total,Total,2010,0.0029703414167627294,0.8623028302482072
29,Missouri,Total,Total,2010,0.002949281601697771,0.8300989033102705
38,North Dakota,Total,Total,2010,0.0029563409833572828,0.7249017350537535
46,South Dakota,Total,Total,2010,0.0019019390848284202,0.7454185980668577
31,Nebraska,Total,Total,2010,0.0029817250870055223,0.7699703458529343
20,Kansas,Total,Total,2010,0.0035138440079326527,0.8400773567709031
10,Delaware,Total,Total,2010,0.0021921147164240566,0.8383226767227149
24,Maryland,Total,Total,2010,0.0024454710744914467,0.8525122644920754
11,District of Columbia,Total,Total,2010,0.003134355112658276,0.7738427468267072
51,Virginia,Total,Total,2010,0.002385703228492013,0.8078212223037979
54,West Virginia,Total,Total,2010,0.0016720814703756713,0.6127451816178042
37,North Carolina,Total,Total,2010,0.003540714746936864,0.7136763349114041
45,South Carolina,Total,Total,2010,0.002320427686684535,0.6952089117799036
13,Georgia,Total,Total,2010,0.005097486117653072,0.7952783102148618
12,Florida,Total,Total,2010,0.003982846331489113,0.6644277375014255
21,Kentucky,Total,Total,2010,0.002849684363540243,0.6533045465000568
47,Tennessee,Total,Total,2010,0.004115665787622412,0.6632217831099395
01,Alabama,Total,Total,2010,0.0024755135205611974,0.8175033272516588
28,Mississippi,Total,Total,2010,0.004361642209569218,0.73403195444684
05,Arkansas,Total,Total,2010,0.0037424720104003487,0.7822826294023012
22,Louisiana,Total,Total,2010,0.004616648413846593,0.8545002233371747
40,Oklahoma,Total,Total,2010,0.0031774812805435188,0.8109051214496601
48,Texas,Total,Total,2010,0.003993114806233079,0.7317671987032408
30,Montana,Total,Total,2010,0.003929961088096481,0.8659500162023308
16,Idaho,Total,Total,2010,0.0038599568820117964,0.6553179137342895
56,Wyoming,Total,Total,2010,0.0021536704022623015,0.700763578750261
08,Colorado,Total,Total,2010,0.004503282713330313,0.7962921472745852
35,New Mexico,Total,Total,2010,0.0032337318089786966,0.6713458353753639
04,Arizona,Total,Total,2010,0.003265418544593821,0.7233356382100737
49,Utah,Total,Total,2010,0.0036569312715205833,0.7760835676463155
32,Nevada,Total,Total,2010,0.005139267317183219,0.6900191221669228
53,Washington,Total,Total,2010,0.0023662625172147784,0.705299534230162
41,Oregon,Total,Total,2010,0.003217711844675762,0.7810994296459585
06,California,Total,Total,2010,0.004744133055765162,0.7220132107515534
02,Alaska,Total,Total,2010,0.004272540474994263,0.8250692910380119
15,Hawaii,Total,Total,2010,0.002362945224828125,0.7865284122079104
23,Maine,Total,Total,2011,0.0035873162812816036,0.7357810168523417
33,New Hampshire,Total,Total,2011,0.0027035742401243933,0.647639268477428
50,Vermont,Total,Total,2011,0.003867955728695121,0.6989804964022035
25,Massachusetts,Total,Total,2011,0.0026330322533029958,0.7803705209245718
44,Rhode Island,Total,Total,2011,0.002203892073115726,0.8219132423645247
09,Connecticut,Total,Total,2011,0.0033865320280680538,0.7551153464557475
36,New York,Total,Total,2011,0.0037131348688224665,0.801852882367885
34,New Jersey,Total,Total,2011,0.0026572660712843935,0.7207655428221993
42,Pennsylvania,Total,Total,2011,0.0016489579415552371,0.7879390368241508
39,Ohio,Total,Total,2011,0.0026783609931104583,0.7791144544204018
18,Indiana,Total,Total,2011,0.0019897174049621335,0.6743268453727123
17,Illinois,Total,Total,2011,0.0019615921159045493,0.729155965265795
26,Michigan,Total,Total,2011,0.0021934275196473507,0.8167212902907337
55,Wisconsin,Total,Total,2011,0.002310242893028204,0.7428626440383687
27,Minnesota,Total,Total,2011,0.0022526282654614367,0.757203388795399
19,Iowa,Total,Total,2011,0.002355416126871403,0.8541725242749142
29,Missouri,Total,Total,2011,0.0039736510588659155,0.7945818428523388
38,North Dakota,Total,Total,2011,0.0027877208054704165,0.9522065505257896
46,South Dakota,Total,Total,2011,0.003221758196596568,0.8207927885388863
31,Nebraska,Total,Total,2011,0.0027564450463991126,0.8392798828320527
20,Kansas,Total,Total,2011,0.0027386752368385283,0.9108854748682345
10,Delaware,Total,Total,2011,0.002691700909760063,0.8053807013693914
24,Maryland,Total,Total,2011,0.0029176479119863924,0.6997730261907401
11,District of Columbia,Total,Total,2011,0.0029648288564749006,0.8602114633813094
51,Virginia,Total,Total,2011,0.002028502947813303,0.6760813277764686
54,West Virginia,Total,Total,2011,0.0014940818881488938,1.0
37,North Carolina,Total,Total,2011,0.0027533288872275603,0.6786775619379494
45,South Carolina,Total,Total,2011,0.002851510376597261,0.4873063669769035
13,Georgia,Total,Total,2011,0.0034822264541479876,0.6897140240558624
12,Florida,Total,Total,2011,0.0038198653885771535,0.7000078311281532
21,Kentucky,Total,Total,2011,0.0037003474621909657,0.7449226214953086
47,Tennessee,Total,Total,2011,0.002926863905323854,0.6299383528385701
01,Alabama,Total,Total,2011,0.0026477574019684825,0.5090447139587122
28,Mississippi,Total,Total,2011,0.0026192787550465254,0.8478119214878731
05,Arkansas,Total,Total,2011,0.0034295929637217313,0.804432075203283
22,Louisiana,Total,Total,2011,0.0033751310818908725,0.719706026453205
40,Oklahoma,Total,Total,2011,0.0020720157921791152,0.6676492536979626
48,Texas,Total,Total,2011,0.004401271941226962,0.7410894028605471
30,Montana,Total,Total,2011,0.0032834503815833216,0.7530401018907426
16,Idaho,Total,Total,2011,0.0038452169618765713,0.8017052103996025
56,Wyoming,Total,Total,2011,0.002193046756184636,0.893006278512776
08,Colorado,Total,Total,2011,0.004220480666762858,0.7078512128322106
35,New Mexico,Total,Total,2011,0.002504892144338089,0.8537490247086966
04,Arizona,Total,Total,2011,0.005216633930223985,0.5821110807779216
49,Utah,Total,Total,2011,0.0028491978119197527,0.7316969450513514
32,Nevada,Total,Total,2011,0.003894100732665515,0.7029680537127678
53,Washington,Total,Total,2011,0.0023424791186388003,0.7964058207804081
41,Oregon,Total,Total,2011,0.0025491179072641866,0.7502510561619976
06,California,Total,Total,2011,0.004398065157660178,0.7825024707038751
02,Alaska,Total,Total,2011,0.004127528230299242,0.7863347430622465
15,Hawaii,Total,Total,2011,0.0018408507324144108,0.9384799744548239
23,Maine,Total,Total,2012,0.003522718077762664,0.8044480029777766
33,New Hampshire,Total,Total,2012,0.003317287215702688,0.7266958746090184
50,Vermont,Total,Total,2012,0.005237883507312613,0.8258793232570609
25,Massachusetts,Total,Total,2012,0.0027097953109932733,0.7732051598376266
44,Rhode Island,Total,Total,2012,0.00203759812304677,0.9014484264216845
09,Connecticut,Total,Total,2012,0.003152914414728277,0.7933783140833444
36,New York,Total,Total,2012,0.0034400969919679203,0.833130283748746
34,New Jersey,Total,Total,2012,0.0020606341073138483,0.6152267232940372
42,Pennsylvania,Total,Total,2012,0.0019946510761854395,0.7507823176788592
39,Ohio,Total,Total,2012,0.0019465542604441978,0.7835321645044033
18,Indiana,Total,Total,2012,0.0026162684288290926,0.8700537811567934
17,Illinois,Total,Total,2012,0.002176099780792202,0.840259744807412
26,Michigan,Total,Total,2012,0.0018368861626577645,0.7431232189008126
55,Wisconsin,Total,Total,2012,0.0018416476689100366,0.8582073392484089
27,Minnesota,Total,Total,2012,0.0014967768333629362,0.7847798151673459
19,Iowa,Total,Total,2012,0.002131518860691513,0.8163813209767011
29,Missouri,Total,Total,2012,0.003486117912196678,0.7225658924790748
38,North Dakota,Total,Total,2012,0.003675915138447548,0.8933143766922338
46,South Dakota,Total,Total,2012,0.0027308216344176135,0.9224258500481908
31,Nebraska,Total,Total,2012,0.001683720489133085,0.9531297495450353
20,Kansas,Total,Total,2012,0.002284838646227215,1.0
10,Delaware,Total,Total,2012,0.002741180422783625,0.921433624468794
24,Maryland,Total,Total,2012,0.002515588252159552,0.7886800260820074
11,District of Columbia,Total,Total,2012,0.002575101117661927,0.6957725307508502
51,Virginia,Total,Total,2012,0.002024311512529252,0.791936644282112
54,West Virginia,Total,Total,2012,0.0021233665993481885,0.8444868586216889
37,North Carolina,Total,Total,2012,0.0026183255664230134,0.7207100066084597
45,South Carolina,Total,Total,2012,0.003585381502715314,0.5434511174453683
13,Georgia,Total,Total,2012,0.0026922181840374386,0.6062731365890356
12,Florida,Total,Total,2012,0.0036386396171506708,0.8448271937986527
21,Kentucky,Total,Total,2012,0.0037534560055680834,0.7244930832539623
47,Tennessee,Total,Total,2012,0.0024141043099736607,0.699350525296737
01,Alabama,Total,Total,2012,0.002295544375419217,0.8801255236298411
28,Mississippi,Total,Total,2012,0.004252025881473954,0.7575439694065236
05,Arkansas,Total,Total,2012,0.0027712919560235675,0.9016477399569293
22,Louisiana,Total,Total,2012,0.003956375048480718,0.8639221349545757
40,Oklahoma,Total,Total,2012,0.0030892942303710185,0.7723052661046763
48,Texas,Total,Total,2012,0.003593733787691821,0.8182269853217983
30,Montana,Total,Total,2012,0.005341773706386082,0.8906792575620937
16,Idaho,Total,Total,2012,0.004104349766190972,0.8382172635976687
56,Wyoming,Total,Total,2012,0.0023605782463627704,0.8953860917973968
08,Colorado,Total,Total,2012,0.0037261444446994,0.8830937080326858
35,New Mexico,Total,Total,2012,0.0052238945371297935,0.7243739655164398
04,Arizona,Total,Total,2012,0.0034073247538962967,0.8526473097180367
49,Utah,Total,Total,2012,0.003254227567470825,0.9182788715357156
32,Nevada,Total,Total,2012,0.003940271473134588,0.684647477462476
53,Washington,Total,Total,2012,0.0030212134367548354,0.6870617445908088
41,Oregon,Total,Total,2012,0.0022057225418261332,0.6060066954585027
06,California,Total,Total,2012,0.004095325415085214,0.7666209585666639
02,Alaska,Total,Total,2012,0.004306930392127837,0.7722507641261193
15,Hawaii,Total,Total,2012,0.003977029942285779,0.7859966572057201
23,Maine,Total,Total,2013,0.0029475475029490435,0.872543774605581
33,New Hampshire,Total,Total,2013,0.0019820842626741162,0.76449739976291
50,Vermont,Total,Total,2013,0.0025908046632030324,0.7065401766185136
25,Massachusetts,Total,Total,2013,0.0024707174104640333,0.6709340059553792
44,Rhode Island,Total,Total,2013,0.0013527611524054937,0.7744407000728225
09,Connecticut,Total,Total,2013,0.002781458087675125,0.7574391472388227
36,New York,Total,Total,2013,0.0028974766036213057,0.8046597790018103
34,New Jersey,Total,Total,2013,0.0018727354878906436,0.8289395095408812
42,Pennsylvania,Total,Total,2013,0.0019610877919827604,0.6102391731846741
39,Ohio,Total,Total,2013,0.0020064953429775275,0.9388996220430309
18,Indiana,Total,Total,2013,0.0015507855167046143,0.620872313493181
17,Illinois,Total,Total,2013,0.001962268096937531,0.859214407869962
26,Michigan,Total,Total,2013,0.002908234949903467,0.7820687196189396
55,Wisconsin,Total,Total,2013,0.0016856618937463068,0.7550229721915794
27,Minnesota,Total,Total,2013,0.0015874102870988879,0.8347583752860638
19,Iowa,Total,Total,2013,0.0011085101041935976,0.8331096763681184
29,Missouri,Total,Total,2013,0.002180466506559092,0.952456967314093
38,North Dakota,Total,Total,2013,0.0019079137967393655,0.9385717854590917
46,South Dakota,Total,Total,2013,0.004055577303416237,0.7765964988295311
31,Nebraska,Total,Total,2013,0.0031159176861757744,0.7865516034001345
20,Kansas,Total,Total,2013,0.0018321307421018155,0.7878826218055502
10,Delaware,Total,Total,2013,0.0028298377017213845,0.8933905561258532
24,Maryland,Total,Total,2013,0.0026550539184923066,0.9074063240098825
11,District of Columbia,Total,Total,2013,0.0029342301041493436,0.7502930162563581
51,Virginia,Total,Total,2013,0.0023693035642500934,0.925059448615235
54,West Virginia,Total,Total,2013,0.002753368793335824,0.727970309454221
37,North Carolina,Total,Total,2013,0.003180022073179635,0.8657411763868094
45,South Carolina,Total,Total,2013,0.002583795149696732,0.7863454929789149
13,Georgia,Total,Total,2013,0.0024191466276105595,0.643645519180661
12,Florida,Total,Total,2013,0.0033732574979088692,0.775396022304556
21,Kentucky,Total,Total,2013,0.00358483593938288,0.703089275364889
47,Tennessee,Total,Total,2013,0.0030011176220080555,0.5226977635311869
01,Alabama,Total,Total,2013,0.002451864050526427,0.5403221218053087
28,Mississippi,Total,Total,2013,0.002398619455589244,0.8898391990847818
05,Arkansas,Total,Total,2013,0.002051046277956327,0.768840595145989
22,Louisiana,Total,Total,2013,0.0030707824542116516,1.0
40,Oklahoma,Total,Total,2013,0.0030485969879349086,0.8053013571220546
48,Texas,Total,Total,2013,0.0032395443654856665,0.7788524850517835
30,Montana,Total,Total,2013,0.006075569061538984,0.8871060588188847
16,Idaho,Total,Total,2013,0.0031329224516986904,0.9172284531466229
56,Wyoming,Total,Total,2013,0.003700082437189483,0.8796296802839261
08,Colorado,Total,Total,2013,0.0037836645802045085,0.6861568953319096
35,New Mexico,Total,Total,2013,0.0033960748297218973,0.8057927806262717
04,Arizona,Total,Total,2013,0.0022202513154151757,0.8146818924961514
49,Utah,Total,Total,2013,0.0032156830528065356,0.7581043563614709
32,Nevada,Total,Total,2013,0.0023318612111768574,0.7680851917139039
53,Washington,Total,Total,2013,0.0016567769636889446,0.7611463754195931
41,Oregon,Total,Total,2013,0.0020504029070873746,0.950045716868603
06,California,Total,Total,2013,0.004030050357607578,0.7658883146683654
02,Alaska,Total,Total,2013,0.0047202971951676295,0.8057069914326488
15,Hawaii,Total,Total,2013,0.003429655971448604,0.9796866788129376
23,Maine,Total,Total,2014,0.0022538952902311097,0.7358015514035459
33,New Hampshire,Total,Total,2014,0.0022096288084117025,0.6859977060925446
50,Vermont,Total,Total,2014,0.004055122091214838,0.8505053227694269
25,Massachusetts,Total,Total,2014,0.0035089097895829708,0.7585183936877844
44,Rhode Island,Total,Total,2014,0.002476547765279288,0.9569122393746451
09,Connecticut,Total,Total,2014,0.002910166534834652,0.6956518237181618
36,New York,Total,Total,2014,0.0034662530865289054,0.8172514614827056
34,New Jersey,Total,Total,2014,0.0032566375449011985,0.8400575931741451
42,Pennsylvania,Total,Total,2014,0.0019653522138309977,0.7843374365138325
39,Ohio,Total,Total,2014,0.002364700721906324,0.9533590940124881
18,Indiana,Total,Total,2014,0.002695090103996037,0.7650140018043596
17,Illinois,Total,Total,2014,0.0026021247521539697,0.8921053118931171
26,Michigan,Total,Total,2014,0.0029733018106996457,0.7666848185867773
55,Wisconsin,Total,Total,2014,0.0014446682524722548,0.5220563412715906
27,Minnesota,Total,Total,2014,0.0021248828931585,0.5950407379400846
19,Iowa,Total,Total,2014,0.0020887448020861263,0.956619398287379
29,Missouri,Total,Total,2014,0.002692324888998802,0.6287063165776029
38,North Dakota,Total,Total,2014,0.0025014414850583677,0.8516401156022724
46,South Dakota,Total,Total,2014,0.003421524712304834,0.908417819119957
31,Nebraska,Total,Total,2014,0.002641709156903693,0.922199929560033
20,Kansas,Total,Total,2014,0.0025156194186164663,0.9156528669579124
10,Delaware,Total,Total,2014,0.0031439026446161843,0.6931113459099567
24,Maryland,Total,Total,2014,0.002040820139593464,0.8335827364865075
11,District of Columbia,Total,Total,2014,0.0018757261491444196,0.6688606642269838
51,Virginia,Total,Total,2014,0.0023398371821077,0.7263723322381497
54,West Virginia,Total,Total,2014,0.0010656515890761292,0.7551909606005028
37,North Carolina,Total,Total,2014,0.0034709347887320104,0.7883226500925531
45,South Carolina,Total,Total,2014,0.0035403072700610854,0.8477889053040105
13,Georgia,Total,Total,2014,0.0035432514936230893,0.8402588064792756
12,Florida,Total,Total,2014,0.0034586258542007226,0.7890511390153426
21,Kentucky,Total,Total,2014,0.0032150631126389648,0.6528764086406385
47,Tennessee,Total,Total,2014,0.0016758935424751892,0.8771337872982479
01,Alabama,Total,Total,2014,0.001930222589470613,0.6485649856433422
28,Mississippi,Total,Total,2014,0.003457738106144714,0.7446488158788126
05,Arkansas,Total,Total,2014,0.0027757337330736953,0.8041449070460076
22,Louisiana,Total,Total,2014,0.002905337774718814,0.8111810875783544
40,Oklahoma,Total,Total,2014,0.004569992802649937,0.8799778202623949
48,Texas,Total,Total,2014,0.004086426667471008,0.82182679245541
30,Montana,Total,Total,2014,0.00470079998478103,0.7431135168263479
16,Idaho,Total,Total,2014,0.0026969304708565726,0.9543613413383761
56,Wyoming,Total,Total,2014,0.003450288278058275,0.8855479457397754
08,Colorado,Total,Total,2014,0.003014945109506863,0.9776624246884698
35,New Mexico,Total,Total,2014,0.0032378628266498135,0.6951718252468257
04,Arizona,Total,Total,2014,0.003781760941079324,0.7581764489061497
49,Utah,Total,Total,2014,0.0025614179593037452,0.8961289447391998
32,Nevada,Total,Total,2014,0.004950434846365408,0.9254981321340023
53,Washington,Total,Total,2014,0.0025227954082827383,0.8390877975054716
41,Oregon,Total,Total,2014,0.00392095467656065,0.6220799330173431
06,California,Total,Total,2014,0.0036366663870784875,0.7472369230250828
02,Alaska,Total,Total,2014,0.004487176036770777,0.6450293246024758
15,Hawaii,Total,Total,2014,0.0032095094414052857,0.9021571007489949
23,Maine,Total,Total,2015,0.003350150199869488,0.7219704309179107
33,New Hampshire,Total,Total,2015,0.0030849364674720254,0.8776804490572848
50,Vermont,Total,Total,2015,0.004112184236891063,0.7141358658791176
25,Massachusetts,Total,Total,2015,0.0027524877105488334,0.8405183196528864
44,Rhode Island,Total,Total,2015,0.002963001103499117,0.8877167657472047
09,Connecticut,Total,Total,2015,0.002980957807519149,0.8357912598059413
36,New York,Total,Total,2015,0.004160974027856272,0.866808052566291
34,New Jersey,Total,Total,2015,0.004558497115413373,0.8876586109592505
42,Pennsylvania,Total,Total,2015,0.0013721855262041345,0.8723575047867077
39,Ohio,Total,Total,2015,0.0027543748243505075,0.8282194711427424
18,Indiana,Total,Total,2015,0.002721464307738732,0.8635108745814146
17,Illinois,Total,Total,2015,0.0021960670089930735,0.7153165084918938
26,Michigan,Total,Total,2015,0.0028184146095745766,0.9111560189043579
55,Wisconsin,Total,Total,2015,0.002605726024089468,0.9487507626885822
27,Minnesota,Total,Total,2015,0.0037783536424766556,0.827389958156297
19,Iowa,Total,Total,2015,0.002204609976801837,0.8978527030665502
29,Missouri,Total,Total,2015,0.0037356303863219104,0.9087702060246544
38,North Dakota,Total,Total,2015,0.004131672702320712,0.9349805246780042
46,South Dakota,Total,Total,2015,0.0031439038551644982,0.8459412496598407
31,Nebraska,Total,Total,2015,0.0017789515260022634,1.0
20,Kansas,Total,Total,2015,0.003846067436307183,0.7338089516473486
10,Delaware,Total,Total,2015,0.0012392779573139094,1.0
24,Maryland,Total,Total,2015,0.0037086518669008405,0.7280689446424043
11,District of Columbia,Total,Total,2015,0.002009414332034901,0.8090944451333751
51,Virginia,Total,Total,2015,0.002458211159674602,0.8232712391759265
54,West Virginia,Total,Total,2015,0.0024852142225837985,0.8798030710861973
37,North Carolina,Total,Total,2015,0.0033518857923142517,0.8227806692926081
45,South Carolina,Total,Total,2015,0.002701879724726553,0.7599755230561166
13,Georgia,Total,Total,2015,0.0027835340953776544,0.8177304770365357
12,Florida,Total,Total,2015,0.0038583377037426773,0.8218262688766477
21,Kentucky,Total,Total,2015,0.0016806846847399258,0.9199438253233965
47,Tennessee,Total,Total,2015,0.0026825938532990348,0.9462859772599354
01,Alabama,Total,Total,2015,0.003156022261746238,0.8045913028271631
28,Mississippi,Total,Total,2015,0.0038999781875673598,0.803019869041275
05,Arkansas,Total,Total,2015,0.0033529966722802467,0.8681556111823855
22,Louisiana,Total,Total,2015,0.0024548040340212404,0.779573506465101
40,Oklahoma,Total,Total,2015,0.0043981220571834385,0.8563318310692681
48,Texas,Total,Total,2015,0.004229731156618788,0.8279328146520685
30,Montana,Total,Total,2015,0.004092319256915129,0.8932397950600259
16,Idaho,Total,Total,2015,0.0037164315852493096,0.8092936428687438
56,Wyoming,Total,Total,2015,0.004417643253102718,0.9191597939743446
08,Colorado,Total,Total,2015,0.003172332306119846,0.8886979750895019
35,New Mexico,Total,Total,2015,0.002842398793734143,0.9308299608952512
04,Arizona,Total,Total,2015,0.003885852739413392,0.8504843951770082
49,Utah,Total,Total,2015,0.0024770324774896057,0.8544393931721621
32,Nevada,Total,Total,2015,0.004153293666844729,0.9283573055265917
53,Washington,Total,Total,2015,0.0029482758675604672,0.8393313250306683
41,Oregon,Total,Total,2015,0.0033661748285744755,0.7028666839229046
06,California,Total,Total,2015,0.004162344832307384,0.8414529655427042
02,Alaska,Total,Total,2015,0.005091515968601739,0.6888331692401654
15,Hawaii,Total,Total,2015,0.0032813522526006647,0.778931342665046
23,Maine,Total,Total,2016,0.0030163956611513974,0.7987257876438499
33,New Hampshire,Total,Total,2016,0.0017865934536862933,0.7584268453660498
50,Vermont,Total,Total,2016,0.003698553358302105,0.7835051333893573
25,Massachusetts,Total,Total,2016,0.0022942821924160717,0.962808648709584
44,Rhode Island,Total,Total,2016,0.000879081614589285,0.5678467938880447
09,Connecticut,Total,Total,2016,0.002078842836812473,0.9021087159621499
36,New York,Total,Total,2016,0.0032282054272961655,0.8390322233595043
34,New Jersey,Total,Total,2016,0.0022605577038830333,0.913031970621931
42,Pennsylvania,Total,Total,2016,0.0017237061603788903,0.8332555419590021
39,Ohio,Total,Total,2016,0.0019322591320664296,0.8650866977660562
18,Indiana,Total,Total,2016,0.001270934716938829,0.7782134221192155
17,Illinois,Total,Total,2016,0.002027348516163421,0.7564496220955811
26,Michigan,Total,Total,2016,0.001944146634903215,0.8477266717924558
55,Wisconsin,Total,Total,2016,0.0022233675808491504,0.5208229858805995
27,Minnesota,Total,Total,2016,0.0025470083799486553,0.9370425923088461
19,Iowa,Total,Total,2016,0.0017470191396073515,0.9214278846035033
29,Missouri,Total,Total,2016,0.0026582933808283853,0.9585722674322039
38,North Dakota,Total,Total,2016,0.0027969565537571068,0.8322712768695937
46,South Dakota,Total,Total,2016,0.0028284379407074144,0.9360315001914563
31,Nebraska,Total,Total,2016,0.003111551468672102,0.8210417064974866
20,Kansas,Total,Total,2016,0.0026526095670003657,0.8242844383507743
10,Delaware,Total,Total,2016,0.0015398916968124665,0.889471639148395
24,Maryland,Total,Total,2016,0.002118397984590865,0.6316771920598314
11,District of Columbia,Total,Total,2016,0.00256986798301097,0.6822627699367192
51,Virginia,Total,Total,2016,0.0015521294946642904,0.7794546119207894
54,West Virginia,Total,Total,2016,0.0027434703716589593,0.934887501701575
37,North Carolina,Total,Total,2016,0.0034444620306707083,0.9051754487256336
45,South Carolina,Total,Total,2016,0.0023649941585976303,0.7789606608861678
13,Georgia,Total,Total,2016,0.003590467393081446,0.9398786786072657
12,Florida,Total,Total,2016,0.003980985288599981,0.8884845759140868
21,Kentucky,Total,Total,2016,0.00245037486842582,0.8255425703399794
47,Tennessee,Total,Total,2016,0.00252323707543093,0.8363085057269237
01,Alabama,Total,Total,2016,0.0017963520548349985,0.7107265319920137
28,Mississippi,Total,Total,2016,0.0036686141795235186,0.809318478115363
05,Arkansas,Total,Total,2016,0.0025121214640950133,0.7864326959772396
22,Louisiana,Total,Total,2016,0.002877126482302522,0.8009973855535091
40,Oklahoma,Total,Total,2016,0.004578213769991751,0.9484690677795137
48,Texas,Total,Total,2016,0.00378180970204651,0.8878123116538942
30,Montana,Total,Total,2016,0.0039862701304437895,0.8815667151489811
16,Idaho,Total,Total,2016,0.0032965212238999686,0.9157324156416339
56,Wyoming,Total,Total,2016,0.0057356384759744165,0.7872304492540182
08,Colorado,Total,Total,2016,0.004166280394955576,0.7491499765102061
35,New Mexico,Total,Total,2016,0.004404890355554069,0.7719966314459706
04,Arizona,Total,Total,2016,0.0042385053900789674,0.8715969809592256
49,Utah,Total,Total,2016,0.0034324683037666383,0.8913657840467966
32,Nevada,Total,Total,2016,0.003117473727790777,0.9102012028509968
53,Washington,Total,Total,2016,0.002585157327210223,0.9432841705582061
41,Oregon,Total,Total,2016,0.0028173716172295443,0.9571929101422284
06,California,Total,Total,2016,0.00485664551478585,0.8861700246943616
02,Alaska,Total,Total,2016,0.0035675330247284674,0.837859240310349
15,Hawaii,Total,Total,2016,0.002838612920327228,0.8579085435685948
23,Maine,Total,Total,2017,0.0034641900391390945,0.8297577209150758
33,New Hampshire,Total,Total,2017,0.002301327756869478,0.847571332309905
50,Vermont,Total,Total,2017,0.0037052829387187684,0.798734103556279
25,Massachusetts,Total,Total,2017,0.0027609793116786987,0.8555834260961049
44,Rhode Island,Total,Total,2017,0.0014321816981287508,0.6060713662905829
09,Connecticut,Total,Total,2017,0.0019645731499514886,0.7177885938711288
36,New York,Total,Total,2017,0.0026086440736965834,0.9030362570740226
34,New Jersey,Total,Total,2017,0.0028675604527769404,0.7652626336584637
42,Pennsylvania,Total,Total,2017,0.0022139718218002246,0.8356274533414344
39,Ohio,Total,Total,2017,0.0018968079420672304,0.7843680189997996
18,Indiana,Total,Total,2017,0.001963197384158034,0.8604457618693588
17,Illinois,Total,Total,2017,0.0028820440292713335,0.7511233806777576
26,Michigan,Total,Total,2017,0.0025818787302548207,0.868655185039682
55,Wisconsin,Total,Total,2017,0.0029015474715649706,0.7285683518428935
27,Minnesota,Total,Total,2017,0.0027305661457360827,0.8768696440566178
19,Iowa,Total,Total,2017,0.0025679915005874738,1.0
29,Missouri,Total,Total,2017,0.003286126687845731,0.7868449758256404
38,North Dakota,Total,Total,2017,0.004716330878179186,0.8805849002892249
46,South Dakota,Total,Total,2017,0.0023594052070611887,1.0
31,Nebraska,Total,Total,2017,0.00271480474529271,1.0
20,Kansas,Total,Total,2017,0.002488323999282624,0.8465847652849586
10,Delaware,Total,Total,2017,0.0020757354173735277,0.9128188016139643
24,Maryland,Total,Total,2017,0.00371290651798843,0.9178682289526015
11,District of Columbia,Total,Total,2017,0.0026283928589663588,0.7438073190279173
51,Virginia,Total,Total,2017,0.002413712281163213,0.7956552134500562
54,West Virginia,Total,Total,2017,0.0022933618442239636,0.8554374662127517
37,North Carolina,Total,Total,2017,0.0017386137385681367,0.8880461870769938
45,South Carolina,Total,Total,2017,0.002540989054310186,0.7904766298832122
13,Georgia,Total,Total,2017,0.005123937442205621,0.8613497883132395
12,Florida,Total,Total,2017,0.004852959668103037,0.8511088667990775
21,Kentucky,Total,Total,2017,0.0026323141280284765,0.8316072864747422
47,Tennessee,Total,Total,2017,0.002539103313504533,0.8992185944906607
01,Alabama,Total,Total,2017,0.0021748049282276465,0.8518472023594291
28,Mississippi,Total,Total,2017,0.0034336136122922727,0.8634646845930188
05,Arkansas,Total,Total,2017,0.0027199059517601,0.8703352491484262
22,Louisiana,Total,Total,2017,0.004016372819506754,0.6859925514403025
40,Oklahoma,Total,Total,2017,0.0034029473356685202,0.8269874771308885
48,Texas,Total,Total,2017,0.004696348454545901,0.797926329681559
30,Montana,Total,Total,2017,0.003854411292089776,0.8122557301143515
16,Idaho,Total,Total,2017,0.003324822528667345,0.7931550698673276
56,Wyoming,Total,Total,2017,0.0039827083647685215,0.8612603639285417
08,Colorado,Total,Total,2017,0.002573842225437261,0.8696615596805385
35,New Mexico,Total,Total,2017,0.004283806944405511,0.5764697124266266
04,Arizona,Total,Total,2017,0.003661825464415836,0.9659475989296114
49,Utah,Total,Total,2017,0.0029728025742945235,0.9551525423542155
32,Nevada,Total,Total,2017,0.004010314768198871,0.7656354527980193
53,Washington,Total,Total,2017,0.003924088558760006,0.9776805975822994
41,Oregon,Total,Total,2017,0.003431422319355304,0.7409544886376093
06,California,Total,Total,2017,0.00431522662066668,0.8827410825776142
02,Alaska,Total,Total,2017,0.0034584619189474983,0.8507006715517834
15,Hawaii,Total,Total,2017,0.002006574696310282,0.8039442021241546
23,Maine,Total,Total,2018,0.002912399677352863,1.0
33,New Hampshire,Total,Total,2018,0.0027303586433782435,0.9444843223042027
50,Vermont,Total,Total,2018,0.0033340654387249806,0.7695964015260343
25,Massachusetts,Total,Total,2018,0.0020250783389790957,0.720507328125323
44,Rhode Island,Total,Total,2018,0.0012606160011093667,1.0
09,Connecticut,Total,Total,2018,0.0017221204124460228,1.0
36,New York,Total,Total,2018,0.0036276901994833064,0.8719127158230686
34,New Jersey,Total,Total,2018,0.0034027779387703068,0.924850571340439
42,Pennsylvania,Total,Total,2018,0.0017370027810633777,0.9199406381900593
39,Ohio,Total,Total,2018,0.0015859049166780902,0.758508950941273
18,Indiana,Total,Total,2018,0.0029477160261445153,0.96192797488856
17,Illinois,Total,Total,2018,0.0024326096316785563,0.8622592300395664
26,Michigan,Total,Total,2018,0.002074919448043166,0.8106749421794179
55,Wisconsin,Total,Total,2018,0.0020483971497874606,0.768702673664372
27,Minnesota,Total,Total,2018,0.0008921844913816014,0.7048829564988356
19,Iowa,Total,Total,2018,0.003605766476470466,0.8676563097257286
29,Missouri,Total,Total,2018,0.0036318799502558954,0.7930299500509547
38,North Dakota,Total,Total,2018,0.00345390203083311,0.9341054300955389
46,South Dakota,Total,Total,2018,0.004327913624397659,0.8728650973510109
31,Nebraska,Total,Total,2018,0.0030306872570791256,0.949016364222754
20,Kansas,Total,Total,2018,0.002884636161924729,0.8516938289659697
10,Delaware,Total,Total,2018,0.0035867089589242175,1.0
24,Maryland,Total,Total,2018,0.002277427061092549,0.7160108349876932
11,District of Columbia,Total,Total,2018,0.003012455294203877,0.8379341613186565
51,Virginia,Total,Total,2018,0.0014592814314223048,0.6889594953542164
54,West Virginia,Total,Total,2018,0.0013245723030079213,0.921767421871163
37,North Carolina,Total,Total,2018,0.002802402780497349,0.9122426763671369
45,South Carolina,Total,Total,2018,0.002970230284914822,0.9274735745368297
13,Georgia,Total,Total,2018,0.0033245561795002135,0.9101810135780217
12,Florida,Total,Total,2018,0.004822098157636086,0.8614881462758197
21,Kentucky,Total,Total,2018,0.0027242981855297296,0.8985722973992565
47,Tennessee,Total,Total,2018,0.002488008370232269,0.926381623133381
01,Alabama,Total,Total,2018,0.0022063637822224962,0.9559203629925261
28,Mississippi,Total,Total,2018,0.002307724153729522,0.9672795651375523
05,Arkansas,Total,Total,2018,0.0035022176612106207,0.8670324286309501
22,Louisiana,Total,Total,2018,0.0034686076260930132,0.7032311811798765
40,Oklahoma,Total,Total,2018,0.003572551640401848,0.7698148430479861
48,Texas,Total,Total,2018,0.004484601343338585,0.8486267808336186
30,Montana,Total,Total,2018,0.003811157578408412,0.8524874706212924
16,Idaho,Total,Total,2018,0.004730491129777532,0.9497463504963043
56,Wyoming,Total,Total,2018,0.003396778597969714,1.0
08,Colorado,Total,Total,2018,0.0038210333663629944,0.7794310634943097
35,New Mexico,Total,Total,2018,0.003965244230489915,0.7511484939835058
04,Arizona,Total,Total,2018,0.002394898608962507,0.768303195092264
49,Utah,Total,Total,2018,0.0021459374723176603,0.8716235022572554
32,Nevada,Total,Total,2018,0.0027361697861675825,0.881558413472758
53,Washington,Total,Total,2018,0.0026005917858836175,0.7829597289738411
41,Oregon,Total,Total,2018,0.0017274986393065648,1.0
06,California,Total,Total,2018,0.004398951775545562,0.86015498340368
02,Alaska,Total,Total,2018,0.0045152219357744,0.8112047559976564
15,Hawaii,Total,Total,2018,0.00410734733505301,1.0
23,Maine,Total,Total,2019,0.004852531243426994,0.8223270628956513
33,New Hampshire,Total,Total,2019,0.003403035636836842,0.9364373052790733
50,Vermont,Total,Total,2019,0.0033428288798580622,0.8909703038752821
25,Massachusetts,Total,Total,2019,0.0026980835577399337,0.7821201645356527
44,Rhode Island,Total,Total,2019,0.0023256088103117485,0.9129621523412546
09,Connecticut,Total,Total,2019,0.001869539262665142,0.5350933258983303
36,New York,Total,Total,2019,0.0026480540386046346,0.907392100041228
34,New Jersey,Total,Total,2019,0.0031006744688596996,0.8516827613369115
42,Pennsylvania,Total,Total,2019,0.0021313230625455174,0.8555918685826648
39,Ohio,Total,Total,2019,0.0020680783985278814,0.6987775582385719
18,Indiana,Total,Total,2019,0.002683997227308941,0.8841300267707544
17,Illinois,Total,Total,2019,0.0026592260923302717,0.8850634182540259
26,Michigan,Total,Total,2019,0.002556356380224501,0.7664488662084287
55,Wisconsin,Total,Total,2019,0.0016098485790011893,1.0
27,Minnesota,Total,Total,2019,0.001892149092620863,0.8660382864672354
19,Iowa,Total,Total,2019,0.0028929983422069983,0.6728293727900455
29,Missouri,Total,Total,2019,0.004147231760755502,0.8640940641352318
38,North Dakota,Total,Total,2019,0.0035581859051764596,0.9672112464378804
46,South Dakota,Total,Total,2019,0.001700689263327996,1.0
31,Nebraska,Total,Total,2019,0.002227012370414822,0.747978434701073
20,Kansas,Total,Total,2019,0.0026669625054088625,0.9327286058300017
10,Delaware,Total,Total,2019,0.002017688258560105,0.7572508635310321
24,Maryland,Total,Total,2019,0.0028532158538762463,0.9035199091808394
11,District of Columbia,Total,Total,2019,0.0017677397547519458,0.604277325289068
51,Virginia,Total,Total,2019,0.0021825665425352697,1.0
54,West Virginia,Total,Total,2019,0.0018314062813525296,0.7816525992395696
37,North Carolina,Total,Total,2019,0.0030828952192988104,0.8184609882840046
45,South Carolina,Total,Total,2019,0.0023474015468317347,0.825659266814143
13,Georgia,Total,Total,2019,0.0034692611612642593,0.8651750322070848
12,Florida,Total,Total,2019,0.004417607052241136,0.9349009208540159
21,Kentucky,Total,Total,2019,0.0023441362299583845,0.8092080751462805
47,Tennessee,Total,Total,2019,0.0031456483359131597,0.9373656946393971
01,Alabama,Total,Total,2019,0.002441256013114551,0.8788057602277058
28,Mississippi,Total,Total,2019,0.0038997163181967312,0.8108771484356033
05,Arkansas,Total,Total,2019,0.003340898700650499,0.8525492348975815
22,Louisiana,Total,Total,2019,0.003251473589702365,0.8249995974153562
40,Oklahoma,Total,Total,2019,0.004805425626850678,0.8640452870720119
48,Texas,Total,Total,2019,0.003179646872817368,0.8552426082508617
30,Montana,Total,Total,2019,0.0022082499102079314,0.8864782699378476
16,Idaho,Total,Total,2019,0.003356022113265168,0.8950934201598976
56,Wyoming,Total,Total,2019,0.004180488440228775,0.8916887224880525
08,Colorado,Total,Total,2019,0.0027470825875203185,0.8986254134496433
35,New Mexico,Total,Total,2019,0.003915719822550831,0.9496103927050172
04,Arizona,Total,Total,2019,0.0037996853949489435,0.935925099059429
49,Utah,Total,Total,2019,0.0021440756456812967,0.9518195923293475
32,Nevada,Total,Total,2019,0.003227353118535617,0.8143750260606646
53,Washington,Total,Total,2019,0.0032691802569009185,0.8775587330459826
41,Oregon,Total,Total,2019,0.002387265538215977,0.9578977796151517
06,California,Total,Total,2019,0.0039192620740095665,0.8702866292349966
02,Alaska,Total,Total,2019,0.00449281361846242,0.9231649679692521
15,Hawaii,Total,Total,2019,0.0038550788736270683,0.8478529832510557
23,Maine,Total,Total,2020,0.0044134470064152945,0.7445757637272216
33,New Hampshire,Total,Total,2020,0.0032458956286886714,0.5989767368596045
50,Vermont,Total,Total,2020,0.005557461668278738,0.7046834003416547
25,Massachusetts,Total,Total,2020,0.0033879867746863857,0.47635460102282284
44,Rhode Island,Total,Total,2020,0.0009906973476700106,0.5083578576324345
09,Connecticut,Total,Total,2020,0.004766064455400019,0.6991792662940213
36,New York,Total,Total,2020,0.005384968443226891,0.7401998078891763
34,New Jersey,Total,Total,2020,0.004227690458828806,0.6133135832875263
42,Pennsylvania,Total,Total,2020,0.00159083121123746,0.7101716295992506
39,Ohio,Total,Total,2020,0.0034527814398260842,0.7105230237706249
18,Indiana,Total,Total,2020,0.0018224778283392501,0.581936004153178
17,Illinois,Total,Total,2020,0.002880881618582468,0.5930214215250124
26,Michigan,Total,Total,2020,0.003842448768408724,0.6207477709621899
55,Wisconsin,Total,Total,2020,0.002607468809295183,0.6968911807166105
27,Minnesota,Total,Total,2020,0.0027203191721924137,0.42303062528313606
19,Iowa,Total,Total,2020,0.002541491530314195,0.9334524881051678
29,Missouri,Total,Total,2020,0.003192637274861098,0.733321320876955
38,North Dakota,Total,Total,2020,0.002717897575465408,0.9523682879415507
46,South Dakota,Total,Total,2020,0.0023625236648770367,0.6036683272453675
31,Nebraska,Total,Total,2020,0.0027613913714288354,0.769932483487138
20,Kansas,Total,Total,2020,0.003424298532399958,0.8867458028013189
10,Delaware,Total,Total,2020,0.0028465660790846226,0.8015512917006522
24,Maryland,Total,Total,2020,0.0024831154493384425,0.7296767498195327
11,District of Columbia,Total,Total,2020,0.0025648320581962017,0.9175143546295412
51,Virginia,Total,Total,2020,0.00337969137155614,0.6936707871336788
54,West Virginia,Total,Total,2020,0.0018527927796522549,0.8558180278935894
37,North Carolina,Total,Total,2020,0.00342789249264408,0.6762191061713199
45,South Carolina,Total,Total,2020,0.002536395284005137,0.8018244122521212
13,Georgia,Total,Total,2020,0.0036867315754980767,0.7272189802313592
12,Florida,Total,Total,2020,0.006793070349982893,0.7748013799627498
21,Kentucky,Total,Total,2020,0.003066270822593457,0.6698152335865356
47,Tennessee,Total,Total,2020,0.004247501510620833,0.7955679152939257
01,Alabama,Total,Total,2020,0.0026188785058793404,0.5566739012367816
28,Mississippi,Total,Total,2020,0.0031076890412980816,0.7882901039710191
05,Arkansas,Total,Total,2020,0.003082499105802661,1.0
22,Louisiana,Total,Total,2020,0.004376877024766261,0.8128318982633972
40,Oklahoma,Total,Total,2020,0.004712930419145701,0.8668462101344199
48,Texas,Total,Total,2020,0.003979184119079852,0.6801501927865696
30,Montana,Total,Total,2020,0.004325021365989553,0.589266604469675
16,Idaho,Total,Total,2020,0.0032936257373964166,0.8169963289180576
56,Wyoming,Total,Total,2020,0.004356308531115215,0.7480396965799639
08,Colorado,Total,Total,2020,0.003933554987767011,0.6159344482168846
35,New Mexico,Total,Total,2020,0.007371187235768713,0.737394780658397
04,Arizona,Total,Total,2020,0.005122790057742674,0.7737859001692129
49,Utah,Total,Total,2020,0.002715889232979701,0.7902173488721692
32,Nevada,Total,Total,2020,0.0032504146941198468,0.6842994515664848
53,Washington,Total,Total,2020,0.002341452013455301,0.5586446032645376
41,Oregon,Total,Total,2020,0.0045622225818015005,0.6137615427082692
06,California,Total,Total,2020,0.0045081160058036305,0.6510629873493995
02,Alaska,Total,Total,2020,0.00457641318118542,0.6437408557409238
15,Hawaii,Total,Total,2020,0.004167341846216478,0.6843094941882849
